Transaction_ID,Timestamp,SKU_ID,Category_ID,Quantity_Sold,Unit_Price,Discount_Applied,COGS_Per_Unit,Payment_Method
TXN-202401985,2026-01-28 06:16:00.727721,SKU-DAI-164,Dairy,3,331.32,0.0,304.81,Debit Card
TXN-202401064,2026-01-28 07:33:07.727721,SKU-HOM-997,Home Decor,1,2731.26,0.0,1775.32,Debit Card
TXN-202401958,2026-01-28 08:12:21.727721,SKU-ELE-562,Electronics,2,125835.78,0.0,106960.41,Debit Card
TXN-202401764,2026-01-28 08:16:44.727721,SKU-APP-447,Apparel,1,6917.3,0.0,4150.38,Credit Card
TXN-202401676,2026-01-28 08:50:15.727721,SKU-ELE-545,Electronics,1,135973.45,0.0,115577.43,JazzCash
TXN-202401308,2026-01-28 09:01:15.727721,SKU-GRO-116,Grocery,1,1107.55,0.0,996.79,EasyPaisa
TXN-202401614,2026-01-28 09:17:28.727721,SKU-ELE-709,Electronics,1,32892.45,0.0,27958.58,JazzCash
TXN-202401129,2026-01-28 09:21:42.727721,SKU-DAI-875,Dairy,1,344.04,0.0,316.52,Cash
TXN-202401635,2026-01-28 09:44:13.727721,SKU-APP-953,Apparel,1,1551.98,0.0,931.19,Debit Card
TXN-202401334,2026-01-28 09:51:03.727721,SKU-APP-377,Apparel,1,4091.18,0.0,2454.71,Credit Card
TXN-202401506,2026-01-28 09:56:50.727721,SKU-DAI-864,Dairy,3,326.22,0.0,300.12,JazzCash
TXN-202401687,2026-01-28 11:17:52.727721,SKU-ELE-588,Electronics,1,78175.76,0.0,66449.4,EasyPaisa
TXN-202401386,2026-01-28 11:19:26.727721,SKU-DAI-695,Dairy,4,185.79,0.0,170.93,Debit Card
TXN-202401570,2026-01-28 11:38:06.727721,SKU-ELE-826,Electronics,1,66786.79,0.0,56768.77,Debit Card
TXN-202401497,2026-01-28 12:27:28.727721,SKU-HOM-124,Home Decor,1,17726.77,0.0,11522.4,Cash
TXN-202401759,2026-01-28 13:01:40.727721,SKU-DAI-651,Dairy,1,405.7,46.17,373.24,Debit Card
TXN-202401868,2026-01-28 13:21:33.727721,SKU-APP-737,Apparel,4,4838.63,833.96,2903.18,EasyPaisa
TXN-202401183,2026-01-28 13:28:30.727721,SKU-GRO-194,Grocery,1,860.16,0.0,774.14,EasyPaisa
TXN-202401301,2026-01-28 13:35:28.727721,SKU-DAI-617,Dairy,2,251.05,0.0,230.97,EasyPaisa
TXN-202401851,2026-01-28 13:37:23.727721,SKU-ELE-261,Electronics,1,121170.86,0.0,102995.23,Credit Card
TXN-202401745,2026-01-28 14:00:31.727721,SKU-HOM-218,Home Decor,1,3322.87,346.12,2159.87,Credit Card
TXN-202401402,2026-01-28 14:38:05.727721,SKU-HOM-975,Home Decor,1,6669.1,0.0,4334.91,Debit Card
TXN-202401603,2026-01-28 14:43:35.727721,SKU-DAI-245,Dairy,1,464.93,87.69,427.74,Cash
TXN-202401953,2026-01-28 14:46:24.727721,SKU-GRO-394,Grocery,2,305.93,0.0,275.34,Debit Card
TXN-202401842,2026-01-28 15:05:16.727721,SKU-DAI-752,Dairy,1,478.05,51.74,439.81,Credit Card
TXN-202401419,2026-01-28 15:13:13.727721,SKU-GRO-576,Grocery,1,1037.02,0.0,933.32,EasyPaisa
TXN-202401191,2026-01-28 15:30:22.727721,SKU-DAI-588,Dairy,2,135.23,21.09,124.41,Credit Card
TXN-202401658,2026-01-28 15:56:47.727721,SKU-ELE-884,Electronics,1,51664.89,0.0,43915.16,Debit Card
TXN-202401347,2026-01-28 15:57:42.727721,SKU-HOM-473,Home Decor,2,12936.08,0.0,8408.45,EasyPaisa
TXN-202401752,2026-01-28 16:10:49.727721,SKU-GRO-572,Grocery,1,1119.8,0.0,1007.82,Cash
TXN-202401189,2026-01-28 16:18:29.727721,SKU-GRO-561,Grocery,1,965.74,0.0,869.17,Debit Card
TXN-202401165,2026-01-28 16:44:16.727721,SKU-GRO-896,Grocery,1,552.61,0.0,497.35,Cash
TXN-202401363,2026-01-28 16:54:34.727721,SKU-APP-460,Apparel,1,4501.55,366.05,2700.93,EasyPaisa
TXN-202401056,2026-01-28 17:09:23.727721,SKU-DAI-683,Dairy,1,239.37,22.05,220.22,Cash
TXN-202401528,2026-01-28 17:14:51.727721,SKU-HOM-384,Home Decor,4,20301.47,3496.68,13195.96,Cash
TXN-202401580,2026-01-28 18:45:18.727721,SKU-GRO-396,Grocery,1,543.88,0.0,489.49,Debit Card
TXN-202401468,2026-01-29 00:18:36.727721,SKU-HOM-189,Home Decor,1,2662.93,0.0,1730.9,Credit Card
TXN-202401700,2026-01-29 07:16:42.727721,SKU-HOM-275,Home Decor,1,7581.48,0.0,4927.96,Debit Card
TXN-202401172,2026-01-29 08:41:24.727721,SKU-DAI-379,Dairy,1,410.04,0.0,377.24,JazzCash
TXN-202401809,2026-01-29 10:25:15.727721,SKU-GRO-321,Grocery,2,1114.89,0.0,1003.4,JazzCash
TXN-202401190,2026-01-29 11:15:20.727721,SKU-GRO-581,Grocery,2,1303.96,0.0,1173.56,EasyPaisa
TXN-202401924,2026-01-29 11:17:34.727721,SKU-ELE-256,Electronics,1,68465.41,0.0,58195.6,EasyPaisa
TXN-202401633,2026-01-29 12:13:20.727721,SKU-APP-255,Apparel,1,5516.27,0.0,3309.76,Credit Card
TXN-202401931,2026-01-29 12:38:06.727721,SKU-DAI-924,Dairy,1,458.33,0.0,421.66,Debit Card
TXN-202401979,2026-01-29 13:26:25.727721,SKU-DAI-149,Dairy,2,326.35,0.0,300.24,EasyPaisa
TXN-202401962,2026-01-29 13:43:20.727721,SKU-APP-855,Apparel,3,6810.96,0.0,4086.58,EasyPaisa
TXN-202401433,2026-01-29 13:46:29.727721,SKU-DAI-778,Dairy,2,191.49,0.0,176.17,Debit Card
TXN-202401202,2026-01-29 13:46:35.727721,SKU-HOM-593,Home Decor,5,22429.57,0.0,14579.22,JazzCash
TXN-202401596,2026-01-29 13:49:50.727721,SKU-APP-336,Apparel,5,1502.01,100.82,901.21,JazzCash
TXN-202401142,2026-01-29 14:07:20.727721,SKU-DAI-812,Dairy,1,87.92,0.0,80.89,JazzCash
TXN-202401721,2026-01-29 14:25:18.727721,SKU-DAI-281,Dairy,1,122.81,0.0,112.99,EasyPaisa
TXN-202401456,2026-01-29 15:29:00.727721,SKU-HOM-410,Home Decor,1,22812.2,0.0,14827.93,Credit Card
TXN-202401944,2026-01-29 15:37:57.727721,SKU-DAI-174,Dairy,2,312.61,0.0,287.6,Debit Card
TXN-202401919,2026-01-29 15:44:12.727721,SKU-HOM-190,Home Decor,2,14890.54,1018.37,9678.85,EasyPaisa
TXN-202401096,2026-01-29 16:01:03.727721,SKU-GRO-268,Grocery,2,267.32,36.38,240.59,Cash
TXN-202401880,2026-01-29 16:11:19.727721,SKU-DAI-463,Dairy,1,382.61,0.0,352.0,JazzCash
TXN-202401895,2026-01-29 16:30:45.727721,SKU-HOM-260,Home Decor,1,11359.99,0.0,7383.99,Credit Card
TXN-202401978,2026-01-29 17:16:24.727721,SKU-GRO-409,Grocery,1,856.96,0.0,771.26,JazzCash
TXN-202401145,2026-01-29 17:48:24.727721,SKU-APP-981,Apparel,1,6232.07,0.0,3739.24,Cash
TXN-202401042,2026-01-29 18:17:42.727721,SKU-GRO-187,Grocery,1,1476.65,0.0,1328.99,EasyPaisa
TXN-202401793,2026-01-29 19:32:05.727721,SKU-APP-230,Apparel,4,7042.01,0.0,4225.21,Credit Card
TXN-202401427,2026-01-30 07:42:03.727721,SKU-ELE-853,Electronics,1,56492.15,0.0,48018.33,Credit Card
TXN-202401977,2026-01-30 07:42:17.727721,SKU-GRO-722,Grocery,1,1248.82,0.0,1123.94,EasyPaisa
TXN-202401936,2026-01-30 07:57:08.727721,SKU-DAI-382,Dairy,1,468.47,0.0,430.99,JazzCash
TXN-202401816,2026-01-30 08:17:08.727721,SKU-GRO-824,Grocery,1,753.76,0.0,678.38,Debit Card
TXN-202401212,2026-01-30 08:20:37.727721,SKU-GRO-435,Grocery,1,185.44,0.0,166.9,Debit Card
TXN-202401652,2026-01-30 09:08:25.727721,SKU-APP-685,Apparel,5,2608.46,0.0,1565.08,EasyPaisa
TXN-202401326,2026-01-30 11:20:23.727721,SKU-GRO-728,Grocery,1,838.11,0.0,754.3,Debit Card
TXN-202401133,2026-01-30 11:52:57.727721,SKU-GRO-255,Grocery,3,1119.7,0.0,1007.73,Cash
TXN-202401032,2026-01-30 12:15:12.727721,SKU-ELE-964,Electronics,3,74952.92,0.0,63709.98,JazzCash
TXN-202401546,2026-01-30 12:35:19.727721,SKU-DAI-581,Dairy,1,273.94,0.0,252.02,Debit Card
TXN-202401898,2026-01-30 14:07:40.727721,SKU-HOM-627,Home Decor,1,16076.63,0.0,10449.81,JazzCash
TXN-202401000,2026-01-30 14:10:37.727721,SKU-DAI-482,Dairy,1,430.12,0.0,395.71,EasyPaisa
TXN-202401094,2026-01-30 14:14:08.727721,SKU-GRO-911,Grocery,1,700.77,0.0,630.69,JazzCash
TXN-202401338,2026-01-30 14:33:11.727721,SKU-GRO-974,Grocery,3,1412.31,0.0,1271.08,EasyPaisa
TXN-202401059,2026-01-30 14:55:52.727721,SKU-APP-999,Apparel,1,7691.69,0.0,4615.01,Credit Card
TXN-202401296,2026-01-30 15:30:34.727721,SKU-GRO-162,Grocery,1,258.06,28.75,232.25,Debit Card
TXN-202401146,2026-01-30 15:56:08.727721,SKU-APP-671,Apparel,5,6124.54,0.0,3674.72,Credit Card
TXN-202401959,2026-01-30 16:11:32.727721,SKU-GRO-981,Grocery,2,1244.05,0.0,1119.64,Credit Card
TXN-202401285,2026-01-30 16:26:21.727721,SKU-APP-607,Apparel,1,6546.82,0.0,3928.09,JazzCash
TXN-202401374,2026-01-30 16:55:12.727721,SKU-APP-720,Apparel,1,3319.05,0.0,1991.43,Credit Card
TXN-202401967,2026-01-30 16:56:20.727721,SKU-HOM-828,Home Decor,1,10566.41,763.77,6868.17,Credit Card
TXN-202401449,2026-01-30 17:26:42.727721,SKU-ELE-625,Electronics,1,43914.22,0.0,37327.09,Cash
TXN-202401814,2026-01-31 02:26:00.727721,SKU-GRO-703,Grocery,1,453.53,0.0,408.18,JazzCash
TXN-202401918,2026-01-31 03:19:10.727721,SKU-ELE-905,Electronics,3,93419.28,0.0,79406.39,Cash
TXN-202401214,2026-01-31 04:25:58.727721,SKU-GRO-871,Grocery,1,1458.67,0.0,1312.8,EasyPaisa
TXN-202401578,2026-01-31 05:29:39.727721,SKU-HOM-671,Home Decor,1,6192.91,0.0,4025.39,Credit Card
TXN-202401925,2026-01-31 06:21:51.727721,SKU-HOM-506,Home Decor,1,24182.85,0.0,15718.85,Debit Card
TXN-202401523,2026-01-31 07:18:17.727721,SKU-GRO-878,Grocery,3,1048.4,0.0,943.56,JazzCash
TXN-202401852,2026-01-31 07:49:45.727721,SKU-DAI-877,Dairy,1,231.63,0.0,213.1,JazzCash
TXN-202401563,2026-01-31 08:12:20.727721,SKU-APP-675,Apparel,1,4834.96,889.94,2900.98,Credit Card
TXN-202401420,2026-01-31 08:13:39.727721,SKU-DAI-399,Dairy,2,136.93,0.0,125.98,EasyPaisa
TXN-202401551,2026-01-31 08:46:53.727721,SKU-HOM-257,Home Decor,1,13878.2,0.0,9020.83,Debit Card
TXN-202401848,2026-01-31 09:25:20.727721,SKU-HOM-443,Home Decor,1,6716.16,0.0,4365.5,JazzCash
TXN-202401747,2026-01-31 11:29:17.727721,SKU-DAI-470,Dairy,1,380.89,0.0,350.42,JazzCash
TXN-202401541,2026-01-31 12:02:14.727721,SKU-APP-506,Apparel,1,2188.75,0.0,1313.25,JazzCash
TXN-202401784,2026-01-31 12:26:31.727721,SKU-GRO-135,Grocery,3,137.82,25.45,124.04,JazzCash
TXN-202401002,2026-01-31 12:30:47.727721,SKU-DAI-477,Dairy,4,494.44,0.0,454.88,Cash
TXN-202401302,2026-01-31 13:49:20.727721,SKU-ELE-302,Electronics,1,149484.77,0.0,127062.05,Cash
TXN-202401662,2026-01-31 13:50:07.727721,SKU-HOM-835,Home Decor,1,21506.54,2971.36,13979.25,EasyPaisa
TXN-202401531,2026-01-31 14:12:38.727721,SKU-HOM-580,Home Decor,1,4327.99,0.0,2813.19,Credit Card
TXN-202401778,2026-01-31 14:37:11.727721,SKU-ELE-708,Electronics,1,53745.2,0.0,45683.42,Debit Card
TXN-202401893,2026-01-31 14:47:12.727721,SKU-APP-392,Apparel,1,1868.44,0.0,1121.06,EasyPaisa
TXN-202401197,2026-01-31 14:52:12.727721,SKU-HOM-128,Home Decor,4,8037.67,0.0,5224.49,Debit Card
TXN-202401227,2026-01-31 14:58:59.727721,SKU-HOM-736,Home Decor,2,17817.26,1300.21,11581.22,Cash
TXN-202401221,2026-01-31 15:10:26.727721,SKU-GRO-739,Grocery,5,806.4,0.0,725.76,Debit Card
TXN-202401572,2026-01-31 15:35:00.727721,SKU-DAI-175,Dairy,1,301.34,0.0,277.23,Debit Card
TXN-202401215,2026-01-31 15:46:08.727721,SKU-ELE-697,Electronics,2,35642.14,0.0,30295.82,Credit Card
TXN-202401883,2026-01-31 15:49:07.727721,SKU-ELE-511,Electronics,1,48365.75,0.0,41110.89,JazzCash
TXN-202401138,2026-01-31 15:52:30.727721,SKU-HOM-222,Home Decor,1,2051.01,0.0,1333.16,EasyPaisa
TXN-202401424,2026-01-31 15:57:11.727721,SKU-APP-625,Apparel,1,3792.11,0.0,2275.27,Credit Card
TXN-202401912,2026-01-31 16:19:03.727721,SKU-HOM-628,Home Decor,2,15943.22,0.0,10363.09,Cash
TXN-202401906,2026-01-31 16:29:57.727721,SKU-DAI-174,Dairy,1,432.15,0.0,397.58,Debit Card
TXN-202401384,2026-01-31 16:41:35.727721,SKU-DAI-114,Dairy,2,237.53,0.0,218.53,Debit Card
TXN-202401782,2026-01-31 16:43:33.727721,SKU-HOM-392,Home Decor,2,14385.2,0.0,9350.38,Cash
TXN-202401095,2026-01-31 16:48:30.727721,SKU-GRO-582,Grocery,1,303.48,0.0,273.13,Credit Card
TXN-202401709,2026-01-31 17:17:10.727721,SKU-APP-674,Apparel,2,7014.23,762.56,4208.54,EasyPaisa
TXN-202401117,2026-01-31 17:24:41.727721,SKU-HOM-575,Home Decor,1,17947.17,0.0,11665.66,JazzCash
TXN-202401704,2026-01-31 18:07:52.727721,SKU-GRO-958,Grocery,1,1213.27,0.0,1091.94,Debit Card
TXN-202401671,2026-01-31 18:48:11.727721,SKU-HOM-571,Home Decor,5,24045.53,0.0,15629.59,Cash
TXN-202401897,2026-01-31 18:49:55.727721,SKU-HOM-881,Home Decor,2,12140.82,0.0,7891.53,EasyPaisa
TXN-202401224,2026-01-31 21:06:35.727721,SKU-GRO-246,Grocery,2,1280.86,0.0,1152.77,Cash
TXN-202401200,2026-02-01 00:14:15.727721,SKU-DAI-879,Dairy,2,319.33,0.0,293.78,Cash
TXN-202401119,2026-02-01 04:42:53.727721,SKU-GRO-214,Grocery,2,1078.14,0.0,970.33,EasyPaisa
TXN-202401220,2026-02-01 05:19:40.727721,SKU-GRO-505,Grocery,1,1167.68,0.0,1050.91,Debit Card
TXN-202401233,2026-02-01 06:26:59.727721,SKU-HOM-711,Home Decor,1,23232.21,0.0,15100.94,Credit Card
TXN-202401508,2026-02-01 06:47:49.727721,SKU-HOM-430,Home Decor,1,6381.09,0.0,4147.71,JazzCash
TXN-202401832,2026-02-01 07:22:36.727721,SKU-HOM-599,Home Decor,1,20830.1,0.0,13539.56,JazzCash
TXN-202401834,2026-02-01 07:29:26.727721,SKU-ELE-391,Electronics,4,130951.69,0.0,111308.94,Debit Card
TXN-202401626,2026-02-01 08:05:01.727721,SKU-ELE-426,Electronics,1,34135.58,0.0,29015.24,Credit Card
TXN-202401217,2026-02-01 08:08:40.727721,SKU-APP-993,Apparel,1,1115.67,0.0,669.4,Cash
TXN-202401744,2026-02-01 08:14:59.727721,SKU-DAI-774,Dairy,1,329.74,0.0,303.36,JazzCash
TXN-202401888,2026-02-01 08:48:32.727721,SKU-ELE-350,Electronics,1,80551.03,9704.52,68468.38,Credit Card
TXN-202401569,2026-02-01 09:16:40.727721,SKU-HOM-132,Home Decor,1,6885.61,0.0,4475.65,Cash
TXN-202401490,2026-02-01 10:00:33.727721,SKU-ELE-573,Electronics,1,74659.4,0.0,63460.49,Debit Card
TXN-202401207,2026-02-01 10:04:15.727721,SKU-APP-668,Apparel,1,3584.66,0.0,2150.8,EasyPaisa
TXN-202401167,2026-02-01 10:06:20.727721,SKU-ELE-646,Electronics,1,108898.44,20827.25,92563.67,Debit Card
TXN-202401773,2026-02-01 10:49:24.727721,SKU-DAI-456,Dairy,1,302.98,0.0,278.74,JazzCash
TXN-202401049,2026-02-01 13:16:07.727721,SKU-GRO-532,Grocery,1,584.91,0.0,526.42,Cash
TXN-202401472,2026-02-01 13:28:35.727721,SKU-ELE-427,Electronics,1,105884.14,0.0,90001.52,JazzCash
TXN-202401856,2026-02-01 13:32:49.727721,SKU-DAI-896,Dairy,2,287.99,0.0,264.95,JazzCash
TXN-202401485,2026-02-01 13:46:33.727721,SKU-APP-395,Apparel,1,3784.42,216.12,2270.65,EasyPaisa
TXN-202401815,2026-02-01 14:12:51.727721,SKU-APP-464,Apparel,1,3182.1,0.0,1909.26,Credit Card
TXN-202401873,2026-02-01 14:28:04.727721,SKU-APP-951,Apparel,1,5485.96,0.0,3291.58,Debit Card
TXN-202401608,2026-02-01 14:32:16.727721,SKU-GRO-274,Grocery,1,817.74,0.0,735.97,Credit Card
TXN-202401083,2026-02-01 14:35:09.727721,SKU-HOM-897,Home Decor,2,18542.13,1488.03,12052.38,Credit Card
TXN-202401903,2026-02-01 14:48:21.727721,SKU-APP-838,Apparel,2,1302.96,0.0,781.78,Credit Card
TXN-202401079,2026-02-01 15:00:32.727721,SKU-HOM-790,Home Decor,1,12211.75,0.0,7937.64,EasyPaisa
TXN-202401860,2026-02-01 15:23:17.727721,SKU-GRO-174,Grocery,1,1397.51,234.82,1257.76,Debit Card
TXN-202401713,2026-02-01 16:27:40.727721,SKU-APP-999,Apparel,1,2213.25,423.85,1327.95,Debit Card
TXN-202401932,2026-02-01 16:28:38.727721,SKU-APP-364,Apparel,1,2137.45,0.0,1282.47,Debit Card
TXN-202401476,2026-02-01 16:31:02.727721,SKU-ELE-207,Electronics,1,147402.09,0.0,125291.78,Credit Card
TXN-202401021,2026-02-01 16:53:02.727721,SKU-APP-872,Apparel,3,3441.95,0.0,2065.17,Cash
TXN-202401457,2026-02-01 16:57:05.727721,SKU-APP-738,Apparel,3,7319.46,0.0,4391.68,EasyPaisa
TXN-202401552,2026-02-01 17:16:10.727721,SKU-DAI-355,Dairy,1,145.39,0.0,133.76,Credit Card
TXN-202401438,2026-02-01 18:32:33.727721,SKU-GRO-159,Grocery,1,1423.64,0.0,1281.28,Debit Card
TXN-202401052,2026-02-01 18:33:50.727721,SKU-GRO-517,Grocery,1,999.02,0.0,899.12,Debit Card
TXN-202401599,2026-02-02 03:14:01.727721,SKU-HOM-187,Home Decor,1,7684.54,0.0,4994.95,EasyPaisa
TXN-202401107,2026-02-02 04:56:03.727721,SKU-GRO-653,Grocery,1,1220.87,0.0,1098.78,Credit Card
TXN-202401252,2026-02-02 06:58:13.727721,SKU-DAI-595,Dairy,1,239.91,0.0,220.72,Debit Card
TXN-202401820,2026-02-02 07:28:01.727721,SKU-APP-293,Apparel,1,7356.01,0.0,4413.61,EasyPaisa
TXN-202401543,2026-02-02 07:42:03.727721,SKU-DAI-581,Dairy,1,111.43,0.0,102.52,Debit Card
TXN-202401748,2026-02-02 08:00:31.727721,SKU-GRO-297,Grocery,1,1186.0,0.0,1067.4,JazzCash
TXN-202401904,2026-02-02 08:20:17.727721,SKU-HOM-389,Home Decor,1,20319.9,0.0,13207.94,JazzCash
TXN-202401105,2026-02-02 09:19:43.727721,SKU-DAI-575,Dairy,1,494.91,0.0,455.32,EasyPaisa
TXN-202401213,2026-02-02 11:06:47.727721,SKU-APP-847,Apparel,1,1329.5,0.0,797.7,Cash
TXN-202401630,2026-02-02 11:47:04.727721,SKU-APP-723,Apparel,1,6335.62,0.0,3801.37,Cash
TXN-202401586,2026-02-02 12:01:46.727721,SKU-ELE-502,Electronics,1,73853.32,0.0,62775.32,Credit Card
TXN-202401861,2026-02-02 12:40:42.727721,SKU-APP-434,Apparel,1,2803.46,0.0,1682.08,JazzCash
TXN-202401072,2026-02-02 12:56:20.727721,SKU-APP-199,Apparel,2,3924.83,688.49,2354.9,Cash
TXN-202401403,2026-02-02 12:57:36.727721,SKU-ELE-821,Electronics,3,38180.7,0.0,32453.59,Credit Card
TXN-202401632,2026-02-02 13:15:48.727721,SKU-HOM-341,Home Decor,1,19580.34,0.0,12727.22,JazzCash
TXN-202401168,2026-02-02 13:22:22.727721,SKU-DAI-389,Dairy,1,96.42,0.0,88.71,Credit Card
TXN-202401082,2026-02-02 13:22:22.727721,SKU-ELE-406,Electronics,1,129341.97,0.0,109940.67,Cash
TXN-202401045,2026-02-02 13:29:14.727721,SKU-DAI-400,Dairy,1,410.57,0.0,377.72,EasyPaisa
TXN-202401379,2026-02-02 13:38:34.727721,SKU-APP-588,Apparel,1,2961.77,0.0,1777.06,JazzCash
TXN-202401540,2026-02-02 14:04:10.727721,SKU-APP-951,Apparel,1,5023.23,457.74,3013.94,Cash
TXN-202401140,2026-02-02 14:24:51.727721,SKU-APP-329,Apparel,1,2809.42,482.36,1685.65,JazzCash
TXN-202401124,2026-02-02 14:29:22.727721,SKU-DAI-847,Dairy,4,255.39,0.0,234.96,EasyPaisa
TXN-202401268,2026-02-02 14:33:13.727721,SKU-DAI-535,Dairy,1,182.01,0.0,167.45,JazzCash
TXN-202401271,2026-02-02 14:34:12.727721,SKU-APP-188,Apparel,2,4534.85,0.0,2720.91,Credit Card
TXN-202401517,2026-02-02 14:35:03.727721,SKU-HOM-305,Home Decor,1,11247.6,0.0,7310.94,Credit Card
TXN-202401999,2026-02-02 14:37:19.727721,SKU-GRO-411,Grocery,1,990.91,0.0,891.82,EasyPaisa
TXN-202401806,2026-02-02 14:40:44.727721,SKU-GRO-822,Grocery,1,1210.41,0.0,1089.37,Debit Card
TXN-202401116,2026-02-02 14:56:37.727721,SKU-HOM-567,Home Decor,2,10170.25,0.0,6610.66,Debit Card
TXN-202401166,2026-02-02 15:05:41.727721,SKU-APP-766,Apparel,1,4085.26,370.75,2451.16,Credit Card
TXN-202401527,2026-02-02 15:39:26.727721,SKU-DAI-743,Dairy,1,107.89,0.0,99.26,Debit Card
TXN-202401316,2026-02-02 15:49:39.727721,SKU-APP-204,Apparel,1,1784.72,0.0,1070.83,EasyPaisa
TXN-202401416,2026-02-02 15:58:32.727721,SKU-DAI-227,Dairy,2,108.86,0.0,100.15,Debit Card
TXN-202401368,2026-02-02 16:02:20.727721,SKU-HOM-478,Home Decor,2,19121.53,0.0,12428.99,Debit Card
TXN-202401689,2026-02-02 16:29:49.727721,SKU-ELE-530,Electronics,2,108485.25,0.0,92212.46,Debit Card
TXN-202401638,2026-02-02 16:51:05.727721,SKU-HOM-544,Home Decor,1,8499.71,0.0,5524.81,Cash
TXN-202401261,2026-02-02 17:10:43.727721,SKU-GRO-486,Grocery,3,274.53,0.0,247.08,JazzCash
TXN-202401986,2026-02-02 17:45:55.727721,SKU-DAI-469,Dairy,1,197.82,0.0,181.99,JazzCash
TXN-202401602,2026-02-02 17:50:41.727721,SKU-HOM-321,Home Decor,2,21611.58,0.0,14047.53,Cash
TXN-202401938,2026-02-02 18:04:29.727721,SKU-GRO-968,Grocery,1,695.56,0.0,626.0,Debit Card
TXN-202401876,2026-02-02 18:23:02.727721,SKU-APP-893,Apparel,3,2978.82,0.0,1787.29,EasyPaisa
TXN-202401950,2026-02-03 07:16:07.727721,SKU-APP-624,Apparel,1,1858.11,0.0,1114.87,EasyPaisa
TXN-202401463,2026-02-03 08:47:50.727721,SKU-APP-538,Apparel,1,7629.43,1349.82,4577.66,Credit Card
TXN-202401239,2026-02-03 09:12:17.727721,SKU-GRO-945,Grocery,1,877.85,0.0,790.07,EasyPaisa
TXN-202401642,2026-02-03 09:56:50.727721,SKU-GRO-134,Grocery,1,237.3,18.33,213.57,Debit Card
TXN-202401329,2026-02-03 11:03:46.727721,SKU-ELE-260,Electronics,1,34981.18,0.0,29734.0,EasyPaisa
TXN-202401984,2026-02-03 11:18:22.727721,SKU-DAI-114,Dairy,4,377.45,0.0,347.25,Credit Card
TXN-202401739,2026-02-03 11:38:34.727721,SKU-APP-815,Apparel,1,3949.77,586.15,2369.86,Cash
TXN-202401265,2026-02-03 11:56:25.727721,SKU-DAI-477,Dairy,3,290.02,0.0,266.82,Debit Card
TXN-202401905,2026-02-03 12:12:14.727721,SKU-GRO-709,Grocery,2,420.61,0.0,378.55,Cash
TXN-202401024,2026-02-03 12:15:09.727721,SKU-APP-230,Apparel,1,1906.94,0.0,1144.16,JazzCash
TXN-202401460,2026-02-03 12:23:37.727721,SKU-GRO-169,Grocery,1,310.69,0.0,279.62,JazzCash
TXN-202401365,2026-02-03 12:38:10.727721,SKU-HOM-612,Home Decor,1,15017.05,865.8,9761.08,Credit Card
TXN-202401448,2026-02-03 12:42:47.727721,SKU-APP-873,Apparel,1,6274.21,0.0,3764.53,JazzCash
TXN-202401123,2026-02-03 12:47:46.727721,SKU-DAI-652,Dairy,1,407.41,0.0,374.82,EasyPaisa
TXN-202401755,2026-02-03 12:52:48.727721,SKU-HOM-816,Home Decor,1,15719.3,2093.27,10217.55,EasyPaisa
TXN-202401037,2026-02-03 13:03:07.727721,SKU-ELE-310,Electronics,1,81126.82,0.0,68957.8,Credit Card
TXN-202401007,2026-02-03 13:08:25.727721,SKU-APP-149,Apparel,1,6605.21,0.0,3963.13,Cash
TXN-202401867,2026-02-03 13:15:10.727721,SKU-HOM-881,Home Decor,1,11042.5,0.0,7177.62,EasyPaisa
TXN-202401534,2026-02-03 13:18:36.727721,SKU-APP-348,Apparel,1,2982.27,0.0,1789.36,EasyPaisa
TXN-202401980,2026-02-03 13:23:44.727721,SKU-HOM-479,Home Decor,3,15660.2,0.0,10179.13,JazzCash
TXN-202401027,2026-02-03 13:54:53.727721,SKU-GRO-178,Grocery,1,1351.92,105.99,1216.73,EasyPaisa
TXN-202401593,2026-02-03 14:00:47.727721,SKU-APP-541,Apparel,1,6230.91,1030.68,3738.55,Credit Card
TXN-202401955,2026-02-03 14:06:38.727721,SKU-APP-252,Apparel,1,5022.62,0.0,3013.57,Cash
TXN-202401874,2026-02-03 14:43:30.727721,SKU-HOM-157,Home Decor,2,22013.33,0.0,14308.66,EasyPaisa
TXN-202401631,2026-02-03 14:47:07.727721,SKU-GRO-447,Grocery,1,1472.78,0.0,1325.5,EasyPaisa
TXN-202401222,2026-02-03 15:04:20.727721,SKU-DAI-542,Dairy,1,175.83,0.0,161.76,Cash
TXN-202401470,2026-02-03 15:25:22.727721,SKU-DAI-996,Dairy,2,366.37,0.0,337.06,Debit Card
TXN-202401781,2026-02-03 15:40:40.727721,SKU-HOM-929,Home Decor,1,17102.99,0.0,11116.94,Debit Card
TXN-202401742,2026-02-03 15:47:50.727721,SKU-GRO-710,Grocery,1,1477.95,0.0,1330.15,Debit Card
TXN-202401075,2026-02-03 15:57:33.727721,SKU-DAI-723,Dairy,3,391.98,0.0,360.62,EasyPaisa
TXN-202401947,2026-02-03 16:45:19.727721,SKU-DAI-499,Dairy,1,188.31,0.0,173.25,Cash
TXN-202401846,2026-02-03 17:38:41.727721,SKU-DAI-111,Dairy,1,241.17,0.0,221.88,JazzCash
TXN-202401225,2026-02-03 18:52:13.727721,SKU-HOM-937,Home Decor,1,15389.63,0.0,10003.26,EasyPaisa
TXN-202401855,2026-02-03 19:41:58.727721,SKU-HOM-247,Home Decor,2,6460.28,0.0,4199.18,Credit Card
TXN-202401610,2026-02-04 03:02:22.727721,SKU-GRO-817,Grocery,3,414.97,0.0,373.47,Credit Card
TXN-202401080,2026-02-04 05:10:30.727721,SKU-HOM-199,Home Decor,1,24764.12,0.0,16096.68,Cash
TXN-202401286,2026-02-04 07:52:02.727721,SKU-DAI-837,Dairy,1,226.45,0.0,208.33,EasyPaisa
TXN-202401763,2026-02-04 07:52:22.727721,SKU-DAI-879,Dairy,1,451.42,0.0,415.31,EasyPaisa
TXN-202401749,2026-02-04 08:14:58.727721,SKU-GRO-696,Grocery,1,201.63,0.0,181.47,EasyPaisa
TXN-202401871,2026-02-04 08:16:10.727721,SKU-GRO-306,Grocery,2,899.04,117.25,809.14,Debit Card
TXN-202401014,2026-02-04 08:16:42.727721,SKU-DAI-746,Dairy,1,475.72,27.84,437.66,EasyPaisa
TXN-202401561,2026-02-04 09:13:34.727721,SKU-ELE-234,Electronics,2,84086.09,0.0,71473.18,Cash
TXN-202401483,2026-02-04 10:26:05.727721,SKU-GRO-540,Grocery,1,1174.14,0.0,1056.73,EasyPaisa
TXN-202401706,2026-02-04 11:09:54.727721,SKU-HOM-725,Home Decor,1,5185.56,0.0,3370.61,JazzCash
TXN-202401776,2026-02-04 11:14:36.727721,SKU-APP-790,Apparel,1,4340.28,339.63,2604.17,Cash
TXN-202401909,2026-02-04 11:32:41.727721,SKU-APP-549,Apparel,1,6356.43,0.0,3813.86,EasyPaisa
TXN-202401432,2026-02-04 11:45:11.727721,SKU-HOM-469,Home Decor,3,3876.34,0.0,2519.62,EasyPaisa
TXN-202401542,2026-02-04 12:02:09.727721,SKU-ELE-709,Electronics,1,23467.58,0.0,19947.44,Cash
TXN-202401430,2026-02-04 12:02:39.727721,SKU-HOM-457,Home Decor,1,21164.8,0.0,13757.12,Credit Card
TXN-202401890,2026-02-04 13:58:22.727721,SKU-ELE-354,Electronics,1,88974.9,0.0,75628.66,Credit Card
TXN-202401518,2026-02-04 14:03:10.727721,SKU-ELE-294,Electronics,2,99093.37,11453.74,84229.36,Debit Card
TXN-202401475,2026-02-04 14:05:21.727721,SKU-GRO-698,Grocery,1,657.59,0.0,591.83,JazzCash
TXN-202401616,2026-02-04 14:49:31.727721,SKU-DAI-714,Dairy,1,220.17,0.0,202.56,EasyPaisa
TXN-202401669,2026-02-04 14:54:27.727721,SKU-GRO-801,Grocery,4,1431.28,0.0,1288.15,EasyPaisa
TXN-202401807,2026-02-04 16:12:32.727721,SKU-DAI-913,Dairy,2,195.24,0.0,179.62,JazzCash
TXN-202401127,2026-02-04 17:33:33.727721,SKU-ELE-173,Electronics,1,16567.5,0.0,14082.38,Credit Card
TXN-202401280,2026-02-04 17:47:08.727721,SKU-GRO-858,Grocery,1,1059.75,0.0,953.77,Credit Card
TXN-202401554,2026-02-04 19:03:33.727721,SKU-GRO-890,Grocery,1,1244.62,64.97,1120.16,Debit Card
TXN-202401908,2026-02-04 19:04:56.727721,SKU-ELE-175,Electronics,2,33953.51,2517.04,28860.48,EasyPaisa
TXN-202401743,2026-02-04 20:40:07.727721,SKU-ELE-626,Electronics,1,63025.2,0.0,53571.42,Debit Card
TXN-202401758,2026-02-04 21:55:11.727721,SKU-ELE-938,Electronics,2,136129.76,0.0,115710.3,Debit Card
TXN-202401017,2026-02-05 00:24:58.727721,SKU-HOM-164,Home Decor,1,16672.87,1350.41,10837.37,Credit Card
TXN-202401786,2026-02-05 02:21:42.727721,SKU-APP-172,Apparel,1,1757.01,0.0,1054.21,Debit Card
TXN-202401623,2026-02-05 03:31:07.727721,SKU-ELE-889,Electronics,1,92181.18,8054.09,78354.0,Debit Card
TXN-202401607,2026-02-05 07:07:07.727721,SKU-APP-439,Apparel,1,4818.28,567.1,2890.97,JazzCash
TXN-202401555,2026-02-05 08:25:15.727721,SKU-ELE-358,Electronics,2,76906.46,0.0,65370.49,Debit Card
TXN-202401158,2026-02-05 08:26:37.727721,SKU-APP-364,Apparel,1,7787.87,0.0,4672.72,Cash
TXN-202401597,2026-02-05 08:30:30.727721,SKU-ELE-244,Electronics,1,90621.2,0.0,77028.02,Debit Card
TXN-202401474,2026-02-05 09:35:18.727721,SKU-GRO-880,Grocery,1,1384.78,0.0,1246.3,JazzCash
TXN-202401348,2026-02-05 09:42:30.727721,SKU-GRO-770,Grocery,1,406.96,0.0,366.26,Debit Card
TXN-202401354,2026-02-05 10:53:47.727721,SKU-GRO-131,Grocery,1,457.38,0.0,411.64,JazzCash
TXN-202401104,2026-02-05 11:11:36.727721,SKU-DAI-309,Dairy,1,95.22,0.0,87.6,Debit Card
TXN-202401128,2026-02-05 12:05:45.727721,SKU-HOM-910,Home Decor,1,10701.26,0.0,6955.82,Cash
TXN-202401690,2026-02-05 12:08:34.727721,SKU-DAI-506,Dairy,2,199.31,0.0,183.37,Cash
TXN-202401396,2026-02-05 12:43:57.727721,SKU-DAI-798,Dairy,2,406.48,0.0,373.96,EasyPaisa
TXN-202401823,2026-02-05 13:00:55.727721,SKU-APP-463,Apparel,1,2145.25,0.0,1287.15,Debit Card
TXN-202401812,2026-02-05 13:13:31.727721,SKU-DAI-479,Dairy,3,139.57,0.0,128.4,JazzCash
TXN-202401566,2026-02-05 13:48:36.727721,SKU-DAI-460,Dairy,1,284.64,0.0,261.87,EasyPaisa
TXN-202401106,2026-02-05 14:10:16.727721,SKU-APP-249,Apparel,4,3979.94,0.0,2387.96,Credit Card
TXN-202401538,2026-02-05 14:14:41.727721,SKU-HOM-364,Home Decor,1,14123.97,0.0,9180.58,EasyPaisa
TXN-202401673,2026-02-05 14:37:13.727721,SKU-GRO-523,Grocery,1,1493.41,0.0,1344.07,Credit Card
TXN-202401414,2026-02-05 14:38:10.727721,SKU-HOM-664,Home Decor,3,13107.51,0.0,8519.88,Cash
TXN-202401785,2026-02-05 14:46:13.727721,SKU-HOM-981,Home Decor,1,5148.27,539.6,3346.38,Credit Card
TXN-202401243,2026-02-05 14:49:12.727721,SKU-APP-180,Apparel,1,7911.07,969.93,4746.64,Debit Card
TXN-202401736,2026-02-05 15:04:26.727721,SKU-DAI-119,Dairy,2,154.95,0.0,142.55,Credit Card
TXN-202401799,2026-02-05 15:11:16.727721,SKU-ELE-909,Electronics,2,66259.8,0.0,56320.83,EasyPaisa
TXN-202401442,2026-02-05 15:23:15.727721,SKU-HOM-712,Home Decor,2,15617.98,0.0,10151.69,JazzCash
TXN-202401051,2026-02-05 16:04:17.727721,SKU-APP-231,Apparel,5,5116.05,0.0,3069.63,EasyPaisa
TXN-202401262,2026-02-05 16:06:45.727721,SKU-APP-119,Apparel,5,3952.66,0.0,2371.6,JazzCash
TXN-202401500,2026-02-05 16:08:27.727721,SKU-HOM-319,Home Decor,5,4460.05,745.08,2899.03,Cash
TXN-202401371,2026-02-05 16:13:14.727721,SKU-ELE-894,Electronics,2,124917.94,0.0,106180.25,Cash
TXN-202401544,2026-02-05 16:22:47.727721,SKU-GRO-145,Grocery,1,344.07,0.0,309.66,Credit Card
TXN-202401948,2026-02-05 17:21:02.727721,SKU-GRO-352,Grocery,1,382.6,0.0,344.34,Credit Card
TXN-202401803,2026-02-05 17:47:57.727721,SKU-APP-415,Apparel,1,7721.61,0.0,4632.97,Debit Card
TXN-202401847,2026-02-05 18:05:28.727721,SKU-ELE-169,Electronics,1,119993.68,0.0,101994.63,Credit Card
TXN-202401756,2026-02-05 18:43:12.727721,SKU-DAI-125,Dairy,2,316.23,0.0,290.93,Cash
TXN-202401577,2026-02-05 19:10:56.727721,SKU-HOM-558,Home Decor,1,10235.51,0.0,6653.08,Credit Card
TXN-202401395,2026-02-05 21:45:11.727721,SKU-HOM-877,Home Decor,5,24096.08,0.0,15662.45,Debit Card
TXN-202401968,2026-02-05 22:07:28.727721,SKU-GRO-908,Grocery,1,513.51,0.0,462.16,Cash
TXN-202401529,2026-02-06 04:31:20.727721,SKU-APP-315,Apparel,5,1970.83,152.77,1182.5,Debit Card
TXN-202401249,2026-02-06 07:14:52.727721,SKU-GRO-631,Grocery,1,309.88,42.97,278.89,EasyPaisa
TXN-202401600,2026-02-06 07:51:11.727721,SKU-APP-594,Apparel,1,6230.46,615.58,3738.28,Debit Card
TXN-202401702,2026-02-06 08:30:23.727721,SKU-GRO-841,Grocery,1,692.67,0.0,623.4,Debit Card
TXN-202401660,2026-02-06 09:21:33.727721,SKU-ELE-509,Electronics,1,121793.35,0.0,103524.35,JazzCash
TXN-202401945,2026-02-06 09:37:42.727721,SKU-HOM-410,Home Decor,2,3185.01,0.0,2070.26,Cash
TXN-202401772,2026-02-06 09:40:16.727721,SKU-GRO-432,Grocery,1,795.08,0.0,715.57,Credit Card
TXN-202401970,2026-02-06 10:14:03.727721,SKU-DAI-431,Dairy,1,147.79,0.0,135.97,EasyPaisa
TXN-202401831,2026-02-06 11:50:23.727721,SKU-APP-919,Apparel,1,4263.48,0.0,2558.09,EasyPaisa
TXN-202401696,2026-02-06 12:04:26.727721,SKU-ELE-616,Electronics,1,75322.83,0.0,64024.41,Cash
TXN-202401845,2026-02-06 12:06:43.727721,SKU-APP-637,Apparel,2,4689.19,0.0,2813.51,Debit Card
TXN-202401887,2026-02-06 12:10:08.727721,SKU-ELE-751,Electronics,1,115867.11,0.0,98487.04,Debit Card
TXN-202401657,2026-02-06 12:39:56.727721,SKU-DAI-614,Dairy,1,192.98,0.0,177.54,Credit Card
TXN-202401425,2026-02-06 12:43:26.727721,SKU-ELE-321,Electronics,4,91441.09,0.0,77724.93,Cash
TXN-202401323,2026-02-06 12:51:18.727721,SKU-DAI-943,Dairy,1,395.22,0.0,363.6,Cash
TXN-202401922,2026-02-06 12:54:27.727721,SKU-DAI-838,Dairy,1,226.27,0.0,208.17,Cash
TXN-202401310,2026-02-06 13:13:23.727721,SKU-APP-594,Apparel,1,6599.71,0.0,3959.83,Credit Card
TXN-202401340,2026-02-06 13:23:14.727721,SKU-GRO-538,Grocery,1,1498.1,0.0,1348.29,Debit Card
TXN-202401911,2026-02-06 13:25:02.727721,SKU-ELE-440,Electronics,1,46537.64,0.0,39556.99,JazzCash
TXN-202401313,2026-02-06 13:34:00.727721,SKU-DAI-127,Dairy,3,378.75,0.0,348.45,Debit Card
TXN-202401057,2026-02-06 13:47:47.727721,SKU-DAI-818,Dairy,1,395.33,0.0,363.7,Debit Card
TXN-202401914,2026-02-06 13:48:43.727721,SKU-DAI-726,Dairy,3,378.43,0.0,348.16,Cash
TXN-202401242,2026-02-06 13:53:27.727721,SKU-DAI-833,Dairy,1,307.11,0.0,282.54,Credit Card
TXN-202401648,2026-02-06 14:03:52.727721,SKU-GRO-771,Grocery,3,1294.77,243.09,1165.29,EasyPaisa
TXN-202401896,2026-02-06 14:15:51.727721,SKU-HOM-271,Home Decor,1,5024.23,0.0,3265.75,Cash
TXN-202401256,2026-02-06 14:44:15.727721,SKU-APP-720,Apparel,1,3149.6,0.0,1889.76,Credit Card
TXN-202401115,2026-02-06 14:46:15.727721,SKU-DAI-864,Dairy,2,440.58,0.0,405.33,JazzCash
TXN-202401199,2026-02-06 14:57:23.727721,SKU-APP-590,Apparel,1,2444.88,0.0,1466.93,EasyPaisa
TXN-202401571,2026-02-06 15:10:38.727721,SKU-GRO-178,Grocery,1,219.61,0.0,197.65,EasyPaisa
TXN-202401498,2026-02-06 15:35:20.727721,SKU-GRO-633,Grocery,1,265.13,0.0,238.62,Debit Card
TXN-202401380,2026-02-06 15:52:22.727721,SKU-DAI-899,Dairy,1,167.01,0.0,153.65,Debit Card
TXN-202401473,2026-02-06 16:32:48.727721,SKU-GRO-734,Grocery,1,1037.92,0.0,934.13,EasyPaisa
TXN-202401429,2026-02-06 17:39:56.727721,SKU-APP-411,Apparel,1,4985.03,0.0,2991.02,Debit Card
TXN-202401266,2026-02-06 18:00:58.727721,SKU-HOM-325,Home Decor,3,18553.89,0.0,12060.03,Credit Card
TXN-202401399,2026-02-06 18:02:38.727721,SKU-HOM-620,Home Decor,1,23327.03,0.0,15162.57,Cash
TXN-202401201,2026-02-06 22:04:07.727721,SKU-GRO-271,Grocery,1,88.84,5.1,79.96,JazzCash
TXN-202401389,2026-02-07 04:12:43.727721,SKU-DAI-116,Dairy,1,467.78,0.0,430.36,Cash
TXN-202401443,2026-02-07 06:10:22.727721,SKU-HOM-614,Home Decor,1,14972.75,0.0,9732.29,EasyPaisa
TXN-202401339,2026-02-07 07:23:40.727721,SKU-DAI-516,Dairy,1,398.61,0.0,366.72,JazzCash
TXN-202401418,2026-02-07 08:08:07.727721,SKU-GRO-345,Grocery,2,657.8,0.0,592.02,JazzCash
TXN-202401100,2026-02-07 08:13:42.727721,SKU-ELE-868,Electronics,3,22936.43,0.0,19495.97,Cash
TXN-202401489,2026-02-07 08:16:18.727721,SKU-APP-521,Apparel,1,5614.78,0.0,3368.87,Cash
TXN-202401445,2026-02-07 08:20:43.727721,SKU-GRO-519,Grocery,3,722.6,0.0,650.34,EasyPaisa
TXN-202401716,2026-02-07 08:37:33.727721,SKU-DAI-884,Dairy,2,95.41,0.0,87.78,JazzCash
TXN-202401509,2026-02-07 09:25:09.727721,SKU-ELE-838,Electronics,1,149904.48,0.0,127418.81,Credit Card
TXN-202401496,2026-02-07 11:25:52.727721,SKU-ELE-925,Electronics,1,102232.44,0.0,86897.57,Credit Card
TXN-202401484,2026-02-07 11:31:07.727721,SKU-APP-665,Apparel,1,1908.64,0.0,1145.18,EasyPaisa
TXN-202401209,2026-02-07 11:44:27.727721,SKU-ELE-660,Electronics,1,45882.74,6238.02,39000.33,Credit Card
TXN-202401181,2026-02-07 12:47:53.727721,SKU-DAI-520,Dairy,3,433.76,0.0,399.06,JazzCash
TXN-202401176,2026-02-07 12:52:52.727721,SKU-ELE-226,Electronics,1,82451.56,0.0,70083.83,Credit Card
TXN-202401003,2026-02-07 13:19:20.727721,SKU-ELE-323,Electronics,1,21802.59,0.0,18532.2,Cash
TXN-202401482,2026-02-07 13:44:45.727721,SKU-APP-114,Apparel,1,5189.24,0.0,3113.54,Debit Card
TXN-202401769,2026-02-07 14:04:57.727721,SKU-APP-902,Apparel,1,3562.64,0.0,2137.58,Credit Card
TXN-202401392,2026-02-07 14:08:04.727721,SKU-DAI-821,Dairy,1,327.3,0.0,301.12,EasyPaisa
TXN-202401327,2026-02-07 14:11:31.727721,SKU-ELE-837,Electronics,2,111542.01,0.0,94810.71,Debit Card
TXN-202401274,2026-02-07 14:13:37.727721,SKU-ELE-428,Electronics,1,116831.91,0.0,99307.12,Credit Card
TXN-202401833,2026-02-07 14:55:41.727721,SKU-ELE-230,Electronics,1,94985.23,0.0,80737.45,Cash
TXN-202401453,2026-02-07 15:01:02.727721,SKU-DAI-877,Dairy,1,96.34,0.0,88.63,Credit Card
TXN-202401674,2026-02-07 16:44:58.727721,SKU-DAI-609,Dairy,1,271.59,0.0,249.86,Debit Card
TXN-202401283,2026-02-07 17:36:50.727721,SKU-HOM-380,Home Decor,3,8430.9,1183.9,5480.09,Debit Card
TXN-202401615,2026-02-07 18:07:05.727721,SKU-ELE-159,Electronics,3,118827.14,0.0,101003.07,Credit Card
TXN-202401406,2026-02-07 18:32:16.727721,SKU-DAI-643,Dairy,1,99.58,17.46,91.61,Cash
TXN-202401385,2026-02-08 03:20:36.727721,SKU-ELE-509,Electronics,1,46807.85,0.0,39786.67,Credit Card
TXN-202401102,2026-02-08 06:26:43.727721,SKU-HOM-216,Home Decor,1,20312.71,0.0,13203.26,EasyPaisa
TXN-202401902,2026-02-08 07:54:38.727721,SKU-GRO-841,Grocery,1,984.41,75.18,885.97,JazzCash
TXN-202401927,2026-02-08 08:08:22.727721,SKU-APP-562,Apparel,1,7007.28,0.0,4204.37,EasyPaisa
TXN-202401178,2026-02-08 08:42:48.727721,SKU-GRO-249,Grocery,2,1196.33,0.0,1076.7,JazzCash
TXN-202401697,2026-02-08 09:27:23.727721,SKU-ELE-500,Electronics,1,80979.92,0.0,68832.93,JazzCash
TXN-202401686,2026-02-08 11:07:57.727721,SKU-ELE-314,Electronics,1,35713.62,0.0,30356.58,EasyPaisa
TXN-202401513,2026-02-08 11:55:57.727721,SKU-ELE-576,Electronics,1,134897.89,0.0,114663.21,EasyPaisa
TXN-202401639,2026-02-08 12:02:54.727721,SKU-APP-780,Apparel,1,2890.97,0.0,1734.58,EasyPaisa
TXN-202401293,2026-02-08 12:07:49.727721,SKU-ELE-359,Electronics,1,138800.17,0.0,117980.14,EasyPaisa
TXN-202401364,2026-02-08 13:02:38.727721,SKU-APP-333,Apparel,1,7266.54,1074.29,4359.92,JazzCash
TXN-202401098,2026-02-08 13:06:31.727721,SKU-GRO-374,Grocery,1,470.45,82.94,423.4,Cash
TXN-202401155,2026-02-08 13:08:17.727721,SKU-DAI-495,Dairy,1,372.64,0.0,342.83,Debit Card
TXN-202401688,2026-02-08 13:19:25.727721,SKU-HOM-867,Home Decor,1,12442.69,0.0,8087.75,EasyPaisa
TXN-202401350,2026-02-08 13:42:33.727721,SKU-APP-157,Apparel,1,1890.97,0.0,1134.58,EasyPaisa
TXN-202401226,2026-02-08 13:42:47.727721,SKU-HOM-496,Home Decor,1,21453.9,0.0,13945.04,Credit Card
TXN-202401228,2026-02-08 14:05:57.727721,SKU-HOM-245,Home Decor,1,8218.99,0.0,5342.34,Debit Card
TXN-202401272,2026-02-08 14:12:45.727721,SKU-GRO-355,Grocery,1,866.4,0.0,779.76,Credit Card
TXN-202401621,2026-02-08 14:14:13.727721,SKU-APP-133,Apparel,2,4868.51,0.0,2921.11,EasyPaisa
TXN-202401013,2026-02-08 14:42:26.727721,SKU-DAI-670,Dairy,2,425.91,0.0,391.84,EasyPaisa
TXN-202401865,2026-02-08 14:50:39.727721,SKU-DAI-877,Dairy,2,347.87,0.0,320.04,Debit Card
TXN-202401375,2026-02-08 15:01:48.727721,SKU-APP-739,Apparel,1,3092.66,0.0,1855.6,Cash
TXN-202401863,2026-02-08 15:08:54.727721,SKU-ELE-809,Electronics,4,35616.73,0.0,30274.22,EasyPaisa
TXN-202401881,2026-02-08 15:12:09.727721,SKU-HOM-438,Home Decor,1,22959.16,0.0,14923.45,Debit Card
TXN-202401336,2026-02-08 15:22:48.727721,SKU-APP-798,Apparel,1,6968.81,0.0,4181.29,Credit Card
TXN-202401185,2026-02-08 15:39:25.727721,SKU-HOM-176,Home Decor,1,16580.07,0.0,10777.05,Debit Card
TXN-202401462,2026-02-08 15:56:46.727721,SKU-HOM-461,Home Decor,1,21804.99,0.0,14173.24,Credit Card
TXN-202401447,2026-02-08 15:56:50.727721,SKU-ELE-549,Electronics,1,132161.54,0.0,112337.31,Credit Card
TXN-202401829,2026-02-08 16:51:00.727721,SKU-ELE-251,Electronics,1,108245.37,0.0,92008.56,JazzCash
TXN-202401625,2026-02-08 18:45:27.727721,SKU-ELE-139,Electronics,1,50659.63,0.0,43060.69,Credit Card
TXN-202401802,2026-02-08 22:19:19.727721,SKU-ELE-728,Electronics,1,108421.5,0.0,92158.27,JazzCash
TXN-202401277,2026-02-09 06:10:46.727721,SKU-APP-647,Apparel,1,2945.68,0.0,1767.41,Debit Card
TXN-202401033,2026-02-09 08:09:37.727721,SKU-DAI-631,Dairy,1,187.08,0.0,172.11,Cash
TXN-202401504,2026-02-09 08:13:52.727721,SKU-GRO-261,Grocery,1,1160.81,0.0,1044.73,EasyPaisa
TXN-202401522,2026-02-09 08:27:28.727721,SKU-HOM-999,Home Decor,1,15964.67,0.0,10377.04,Cash
TXN-202401491,2026-02-09 09:02:16.727721,SKU-APP-265,Apparel,1,4781.36,0.0,2868.82,Debit Card
TXN-202401780,2026-02-09 09:07:45.727721,SKU-GRO-411,Grocery,1,926.73,0.0,834.06,EasyPaisa
TXN-202401029,2026-02-09 12:14:40.727721,SKU-DAI-293,Dairy,1,125.44,0.0,115.4,EasyPaisa
TXN-202401404,2026-02-09 12:19:22.727721,SKU-APP-461,Apparel,1,4031.77,0.0,2419.06,EasyPaisa
TXN-202401328,2026-02-09 12:20:20.727721,SKU-APP-871,Apparel,1,3447.79,557.01,2068.67,EasyPaisa
TXN-202401930,2026-02-09 13:14:56.727721,SKU-HOM-360,Home Decor,1,16654.75,0.0,10825.59,JazzCash
TXN-202401356,2026-02-09 13:31:20.727721,SKU-ELE-403,Electronics,1,99237.19,0.0,84351.61,Credit Card
TXN-202401975,2026-02-09 13:40:19.727721,SKU-DAI-956,Dairy,1,125.49,0.0,115.45,EasyPaisa
TXN-202401661,2026-02-09 13:56:29.727721,SKU-HOM-491,Home Decor,1,7203.98,0.0,4682.59,Debit Card
TXN-202401325,2026-02-09 14:01:18.727721,SKU-GRO-567,Grocery,3,1018.33,0.0,916.5,Debit Card
TXN-202401240,2026-02-09 14:07:31.727721,SKU-ELE-406,Electronics,1,89632.5,14919.4,76187.62,JazzCash
TXN-202401038,2026-02-09 14:40:20.727721,SKU-HOM-160,Home Decor,2,17794.72,3446.31,11566.57,Credit Card
TXN-202401567,2026-02-09 15:05:02.727721,SKU-ELE-300,Electronics,4,46877.01,4485.54,39845.46,Debit Card
TXN-202401169,2026-02-09 15:21:14.727721,SKU-ELE-704,Electronics,2,65500.46,0.0,55675.39,Credit Card
TXN-202401388,2026-02-09 15:23:34.727721,SKU-ELE-995,Electronics,1,25424.99,0.0,21611.24,EasyPaisa
TXN-202401732,2026-02-09 15:30:05.727721,SKU-DAI-169,Dairy,1,439.99,0.0,404.79,Credit Card
TXN-202401505,2026-02-09 15:38:03.727721,SKU-DAI-738,Dairy,1,216.56,0.0,199.24,JazzCash
TXN-202401598,2026-02-09 15:56:51.727721,SKU-GRO-394,Grocery,1,973.2,0.0,875.88,Cash
TXN-202401792,2026-02-09 16:07:14.727721,SKU-GRO-626,Grocery,1,478.92,0.0,431.03,JazzCash
TXN-202401154,2026-02-09 16:33:50.727721,SKU-ELE-522,Electronics,1,16834.36,0.0,14309.21,Credit Card
TXN-202401520,2026-02-09 16:50:50.727721,SKU-ELE-624,Electronics,1,63761.0,0.0,54196.85,JazzCash
TXN-202401441,2026-02-09 17:12:25.727721,SKU-DAI-910,Dairy,1,394.07,0.0,362.54,Debit Card
TXN-202401103,2026-02-09 19:15:42.727721,SKU-GRO-602,Grocery,4,1302.54,222.49,1172.29,JazzCash
TXN-202401477,2026-02-09 20:44:51.727721,SKU-APP-155,Apparel,1,5859.55,0.0,3515.73,EasyPaisa
TXN-202401933,2026-02-10 03:34:33.727721,SKU-APP-525,Apparel,2,2003.63,0.0,1202.18,Debit Card
TXN-202401309,2026-02-10 07:05:44.727721,SKU-DAI-636,Dairy,1,119.81,0.0,110.23,Debit Card
TXN-202401377,2026-02-10 07:14:47.727721,SKU-DAI-338,Dairy,4,263.83,0.0,242.72,Cash
TXN-202401810,2026-02-10 08:06:47.727721,SKU-GRO-707,Grocery,1,1154.26,0.0,1038.83,JazzCash
TXN-202401582,2026-02-10 08:08:18.727721,SKU-HOM-327,Home Decor,2,18497.72,0.0,12023.52,Cash
TXN-202401343,2026-02-10 08:11:29.727721,SKU-GRO-535,Grocery,4,1499.16,0.0,1349.24,Debit Card
TXN-202401703,2026-02-10 08:27:10.727721,SKU-ELE-968,Electronics,1,143902.0,0.0,122316.7,JazzCash
TXN-202401281,2026-02-10 09:02:03.727721,SKU-DAI-514,Dairy,1,174.75,0.0,160.77,EasyPaisa
TXN-202401817,2026-02-10 09:12:44.727721,SKU-GRO-489,Grocery,4,779.64,128.65,701.68,JazzCash
TXN-202401318,2026-02-10 09:45:52.727721,SKU-DAI-165,Dairy,1,273.97,0.0,252.05,Credit Card
TXN-202401478,2026-02-10 10:00:49.727721,SKU-APP-357,Apparel,1,4430.77,0.0,2658.46,EasyPaisa
TXN-202401210,2026-02-10 10:21:30.727721,SKU-ELE-828,Electronics,1,140796.65,0.0,119677.15,EasyPaisa
TXN-202401735,2026-02-10 12:19:33.727721,SKU-DAI-654,Dairy,4,212.16,0.0,195.19,EasyPaisa
TXN-202401562,2026-02-10 12:31:14.727721,SKU-GRO-427,Grocery,1,663.61,0.0,597.25,JazzCash
TXN-202401135,2026-02-10 12:53:52.727721,SKU-APP-222,Apparel,1,4205.13,700.01,2523.08,Credit Card
TXN-202401422,2026-02-10 13:05:39.727721,SKU-DAI-706,Dairy,4,93.2,0.0,85.74,Debit Card
TXN-202401907,2026-02-10 13:13:32.727721,SKU-DAI-490,Dairy,1,131.8,0.0,121.26,EasyPaisa
TXN-202401722,2026-02-10 13:18:03.727721,SKU-DAI-748,Dairy,1,297.7,0.0,273.88,Cash
TXN-202401136,2026-02-10 13:48:07.727721,SKU-DAI-121,Dairy,2,278.51,32.01,256.23,Credit Card
TXN-202401236,2026-02-10 14:01:07.727721,SKU-GRO-484,Grocery,1,474.46,0.0,427.01,JazzCash
TXN-202401004,2026-02-10 14:19:46.727721,SKU-HOM-970,Home Decor,3,20347.67,0.0,13225.99,EasyPaisa
TXN-202401391,2026-02-10 14:23:30.727721,SKU-DAI-787,Dairy,1,220.37,0.0,202.74,Credit Card
TXN-202401579,2026-02-10 14:37:05.727721,SKU-DAI-300,Dairy,1,264.49,0.0,243.33,Cash
TXN-202401238,2026-02-10 14:38:40.727721,SKU-DAI-597,Dairy,1,95.98,0.0,88.3,Cash
TXN-202401512,2026-02-10 14:58:44.727721,SKU-GRO-449,Grocery,1,237.25,0.0,213.53,JazzCash
TXN-202401757,2026-02-10 15:01:40.727721,SKU-APP-841,Apparel,1,7616.18,851.77,4569.71,EasyPaisa
TXN-202401526,2026-02-10 15:21:18.727721,SKU-HOM-957,Home Decor,1,16427.13,1982.05,10677.63,Credit Card
TXN-202401993,2026-02-10 15:34:51.727721,SKU-APP-605,Apparel,1,6090.37,0.0,3654.22,Credit Card
TXN-202401530,2026-02-10 15:36:43.727721,SKU-DAI-400,Dairy,1,324.06,0.0,298.14,EasyPaisa
TXN-202401708,2026-02-10 15:38:52.727721,SKU-ELE-307,Electronics,1,66958.76,0.0,56914.95,Cash
TXN-202401047,2026-02-10 16:21:27.727721,SKU-DAI-891,Dairy,1,321.5,0.0,295.78,EasyPaisa
TXN-202401798,2026-02-10 16:24:42.727721,SKU-APP-395,Apparel,2,2077.12,0.0,1246.27,Debit Card
TXN-202401409,2026-02-10 16:47:28.727721,SKU-ELE-928,Electronics,1,41535.95,0.0,35305.56,Debit Card
TXN-202401584,2026-02-10 17:05:23.727721,SKU-HOM-184,Home Decor,2,12270.8,0.0,7976.02,Cash
TXN-202401650,2026-02-10 17:31:12.727721,SKU-HOM-312,Home Decor,1,16143.04,0.0,10492.98,JazzCash
TXN-202401421,2026-02-10 17:55:26.727721,SKU-ELE-542,Electronics,1,67296.49,0.0,57202.02,Debit Card
TXN-202401733,2026-02-10 19:42:28.727721,SKU-APP-332,Apparel,1,2545.78,0.0,1527.47,JazzCash
TXN-202401466,2026-02-11 03:20:40.727721,SKU-DAI-846,Dairy,1,255.57,0.0,235.12,EasyPaisa
TXN-202401114,2026-02-11 06:04:28.727721,SKU-GRO-853,Grocery,1,887.28,0.0,798.55,JazzCash
TXN-202401825,2026-02-11 06:22:26.727721,SKU-GRO-515,Grocery,1,1166.86,0.0,1050.17,Credit Card
TXN-202401595,2026-02-11 06:37:49.727721,SKU-GRO-686,Grocery,1,1354.94,0.0,1219.45,JazzCash
TXN-202401720,2026-02-11 07:34:54.727721,SKU-HOM-427,Home Decor,3,8550.81,905.01,5558.03,Debit Card
TXN-202401675,2026-02-11 08:41:04.727721,SKU-ELE-597,Electronics,1,18816.97,0.0,15994.42,Debit Card
TXN-202401257,2026-02-11 10:10:57.727721,SKU-HOM-157,Home Decor,1,14380.68,0.0,9347.44,EasyPaisa
TXN-202401400,2026-02-11 10:18:07.727721,SKU-DAI-229,Dairy,1,497.26,0.0,457.48,Debit Card
TXN-202401653,2026-02-11 10:40:21.727721,SKU-GRO-186,Grocery,1,668.48,0.0,601.63,Cash
TXN-202401994,2026-02-11 11:03:20.727721,SKU-DAI-113,Dairy,1,169.86,0.0,156.27,JazzCash
TXN-202401499,2026-02-11 11:19:44.727721,SKU-APP-326,Apparel,1,7718.16,0.0,4630.9,Credit Card
TXN-202401878,2026-02-11 11:44:03.727721,SKU-ELE-817,Electronics,3,107231.75,0.0,91146.99,EasyPaisa
TXN-202401351,2026-02-11 12:09:05.727721,SKU-HOM-722,Home Decor,1,14206.36,0.0,9234.13,Debit Card
TXN-202401153,2026-02-11 12:31:44.727721,SKU-APP-140,Apparel,1,3706.96,0.0,2224.18,EasyPaisa
TXN-202401044,2026-02-11 12:57:06.727721,SKU-HOM-255,Home Decor,1,13391.19,0.0,8704.27,Credit Card
TXN-202401081,2026-02-11 13:27:09.727721,SKU-HOM-135,Home Decor,3,10857.96,0.0,7057.67,Debit Card
TXN-202401684,2026-02-11 13:46:52.727721,SKU-GRO-811,Grocery,1,194.19,0.0,174.77,Cash
TXN-202401604,2026-02-11 13:58:43.727721,SKU-DAI-297,Dairy,1,371.18,0.0,341.49,EasyPaisa
TXN-202401952,2026-02-11 13:59:22.727721,SKU-ELE-480,Electronics,2,94746.74,0.0,80534.73,Cash
TXN-202401998,2026-02-11 14:01:31.727721,SKU-ELE-239,Electronics,1,42119.97,0.0,35801.97,JazzCash
TXN-202401712,2026-02-11 14:10:38.727721,SKU-APP-309,Apparel,1,4353.13,0.0,2611.88,Credit Card
TXN-202401507,2026-02-11 14:57:53.727721,SKU-APP-895,Apparel,2,5551.73,0.0,3331.04,Cash
TXN-202401510,2026-02-11 15:00:43.727721,SKU-HOM-452,Home Decor,1,8896.54,0.0,5782.75,JazzCash
TXN-202401788,2026-02-11 15:21:04.727721,SKU-ELE-753,Electronics,1,50944.48,0.0,43302.81,Debit Card
TXN-202401216,2026-02-11 16:09:47.727721,SKU-APP-457,Apparel,1,1799.3,0.0,1079.58,JazzCash
TXN-202401455,2026-02-11 16:11:43.727721,SKU-GRO-643,Grocery,1,292.24,0.0,263.02,Cash
TXN-202401324,2026-02-11 16:20:46.727721,SKU-HOM-606,Home Decor,1,7429.54,0.0,4829.2,Credit Card
TXN-202401465,2026-02-11 16:30:56.727721,SKU-ELE-171,Electronics,1,38196.88,0.0,32467.35,Credit Card
TXN-202401173,2026-02-11 16:47:39.727721,SKU-ELE-680,Electronics,3,140656.46,0.0,119557.99,Cash
TXN-202401005,2026-02-11 16:47:49.727721,SKU-GRO-821,Grocery,1,220.07,35.48,198.06,Cash
TXN-202401112,2026-02-11 16:59:43.727721,SKU-ELE-684,Electronics,1,145345.89,0.0,123544.01,JazzCash
TXN-202401164,2026-02-11 17:00:02.727721,SKU-HOM-593,Home Decor,1,4052.89,0.0,2634.38,Credit Card
TXN-202401535,2026-02-11 17:15:30.727721,SKU-HOM-382,Home Decor,1,18288.58,0.0,11887.58,EasyPaisa
TXN-202401622,2026-02-11 17:24:43.727721,SKU-APP-380,Apparel,1,6727.94,0.0,4036.76,Debit Card
TXN-202401515,2026-02-11 18:22:46.727721,SKU-GRO-354,Grocery,1,255.56,0.0,230.0,JazzCash
TXN-202401843,2026-02-11 19:10:01.727721,SKU-DAI-634,Dairy,2,190.95,0.0,175.67,Cash
TXN-202401794,2026-02-11 19:43:12.727721,SKU-APP-682,Apparel,1,3387.14,0.0,2032.28,JazzCash
TXN-202401065,2026-02-12 07:14:29.727721,SKU-DAI-155,Dairy,2,246.95,0.0,227.19,JazzCash
TXN-202401838,2026-02-12 07:22:01.727721,SKU-APP-577,Apparel,3,7418.93,0.0,4451.36,Debit Card
TXN-202401682,2026-02-12 08:52:26.727721,SKU-GRO-525,Grocery,2,282.09,0.0,253.88,EasyPaisa
TXN-202401768,2026-02-12 11:10:08.727721,SKU-ELE-448,Electronics,1,75847.49,0.0,64470.37,Debit Card
TXN-202401666,2026-02-12 11:32:52.727721,SKU-ELE-463,Electronics,1,59046.64,0.0,50189.64,Credit Card
TXN-202401245,2026-02-12 11:45:28.727721,SKU-APP-383,Apparel,1,7694.37,0.0,4616.62,Credit Card
TXN-202401244,2026-02-12 11:45:48.727721,SKU-APP-750,Apparel,1,5643.61,0.0,3386.17,Cash
TXN-202401298,2026-02-12 11:49:36.727721,SKU-DAI-309,Dairy,1,415.63,0.0,382.38,JazzCash
TXN-202401813,2026-02-12 12:17:34.727721,SKU-DAI-739,Dairy,5,148.24,0.0,136.38,Cash
TXN-202401297,2026-02-12 13:16:56.727721,SKU-APP-659,Apparel,2,3888.69,0.0,2333.21,Debit Card
TXN-202401934,2026-02-12 13:22:44.727721,SKU-GRO-907,Grocery,1,562.11,0.0,505.9,JazzCash
TXN-202401991,2026-02-12 13:30:10.727721,SKU-HOM-779,Home Decor,5,21605.8,0.0,14043.77,Credit Card
TXN-202401086,2026-02-12 13:36:15.727721,SKU-APP-755,Apparel,1,5121.82,0.0,3073.09,Debit Card
TXN-202401015,2026-02-12 13:41:26.727721,SKU-ELE-971,Electronics,1,44749.97,0.0,38037.47,Credit Card
TXN-202401670,2026-02-12 13:57:47.727721,SKU-GRO-101,Grocery,3,459.14,0.0,413.23,EasyPaisa
TXN-202401357,2026-02-12 14:00:24.727721,SKU-APP-847,Apparel,1,1139.06,0.0,683.44,EasyPaisa
TXN-202401503,2026-02-12 14:11:52.727721,SKU-APP-920,Apparel,1,7527.85,0.0,4516.71,Debit Card
TXN-202401695,2026-02-12 14:18:39.727721,SKU-GRO-120,Grocery,1,1325.42,0.0,1192.88,EasyPaisa
TXN-202401410,2026-02-12 14:51:46.727721,SKU-APP-593,Apparel,1,4488.79,0.0,2693.27,Cash
TXN-202401370,2026-02-12 14:57:57.727721,SKU-ELE-313,Electronics,2,40993.16,5857.99,34844.19,Credit Card
TXN-202401093,2026-02-12 15:08:44.727721,SKU-HOM-605,Home Decor,3,2370.03,0.0,1540.52,Debit Card
TXN-202401611,2026-02-12 15:42:20.727721,SKU-HOM-223,Home Decor,3,14745.39,0.0,9584.5,Debit Card
TXN-202401295,2026-02-12 15:45:47.727721,SKU-ELE-370,Electronics,1,78018.58,0.0,66315.79,Debit Card
TXN-202401394,2026-02-12 15:50:10.727721,SKU-DAI-283,Dairy,1,149.31,0.0,137.37,Cash
TXN-202401171,2026-02-12 15:51:36.727721,SKU-GRO-856,Grocery,3,921.87,0.0,829.68,EasyPaisa
TXN-202401714,2026-02-12 16:17:22.727721,SKU-HOM-174,Home Decor,1,16381.93,0.0,10648.25,Debit Card
TXN-202401331,2026-02-12 16:31:26.727721,SKU-APP-265,Apparel,2,5868.81,0.0,3521.29,Credit Card
TXN-202401681,2026-02-12 17:03:02.727721,SKU-GRO-586,Grocery,1,694.32,0.0,624.89,JazzCash
TXN-202401369,2026-02-12 17:08:54.727721,SKU-APP-221,Apparel,1,1585.44,0.0,951.26,Credit Card
TXN-202401372,2026-02-12 17:44:37.727721,SKU-HOM-500,Home Decor,1,6777.49,0.0,4405.37,Cash
TXN-202401636,2026-02-12 18:57:24.727721,SKU-GRO-414,Grocery,1,1316.3,0.0,1184.67,Debit Card
TXN-202401791,2026-02-13 00:06:16.727721,SKU-GRO-909,Grocery,1,177.76,0.0,159.98,Credit Card
TXN-202401775,2026-02-13 07:53:16.727721,SKU-DAI-561,Dairy,1,136.22,0.0,125.32,Debit Card
TXN-202401320,2026-02-13 09:14:08.727721,SKU-HOM-103,Home Decor,1,19181.77,1580.42,12468.15,JazzCash
TXN-202401046,2026-02-13 09:57:21.727721,SKU-ELE-984,Electronics,1,100899.14,0.0,85764.27,Credit Card
TXN-202401836,2026-02-13 10:43:45.727721,SKU-HOM-953,Home Decor,3,9218.82,0.0,5992.23,JazzCash
TXN-202401376,2026-02-13 11:25:54.727721,SKU-GRO-512,Grocery,4,233.8,20.82,210.42,Credit Card
TXN-202401547,2026-02-13 11:27:53.727721,SKU-HOM-525,Home Decor,5,12282.59,0.0,7983.68,EasyPaisa
TXN-202401891,2026-02-13 11:43:16.727721,SKU-APP-751,Apparel,2,3117.24,0.0,1870.34,Debit Card
TXN-202401618,2026-02-13 13:29:40.727721,SKU-DAI-775,Dairy,1,179.58,0.0,165.21,EasyPaisa
TXN-202401030,2026-02-13 14:31:26.727721,SKU-GRO-824,Grocery,1,704.5,0.0,634.05,Cash
TXN-202401025,2026-02-13 14:49:31.727721,SKU-ELE-901,Electronics,2,19287.38,0.0,16394.27,JazzCash
TXN-202401278,2026-02-13 14:50:13.727721,SKU-DAI-602,Dairy,2,485.45,0.0,446.61,JazzCash
TXN-202401818,2026-02-13 14:53:08.727721,SKU-GRO-240,Grocery,3,1346.91,0.0,1212.22,Debit Card
TXN-202401452,2026-02-13 15:27:40.727721,SKU-HOM-159,Home Decor,1,2208.39,0.0,1435.45,Credit Card
TXN-202401672,2026-02-13 16:10:53.727721,SKU-DAI-591,Dairy,1,315.11,29.63,289.9,Cash
TXN-202401917,2026-02-13 16:30:48.727721,SKU-GRO-888,Grocery,3,296.54,0.0,266.89,Debit Card
TXN-202401058,2026-02-13 16:44:21.727721,SKU-APP-429,Apparel,1,5323.89,0.0,3194.33,Debit Card
TXN-202401054,2026-02-13 17:08:55.727721,SKU-ELE-244,Electronics,2,121157.77,0.0,102984.1,Cash
TXN-202401974,2026-02-13 17:15:01.727721,SKU-HOM-181,Home Decor,3,12392.97,0.0,8055.43,Debit Card
TXN-202401935,2026-02-13 17:51:09.727721,SKU-APP-796,Apparel,1,1771.34,339.3,1062.8,Cash
TXN-202401287,2026-02-13 18:59:30.727721,SKU-APP-276,Apparel,1,3782.05,0.0,2269.23,Credit Card
TXN-202401779,2026-02-14 03:00:50.727721,SKU-DAI-372,Dairy,1,368.76,0.0,339.26,JazzCash
TXN-202401797,2026-02-14 03:47:28.727721,SKU-APP-693,Apparel,1,4755.01,413.61,2853.01,Debit Card
TXN-202401405,2026-02-14 03:51:08.727721,SKU-DAI-764,Dairy,1,139.6,0.0,128.43,Debit Card
TXN-202401501,2026-02-14 07:07:34.727721,SKU-HOM-385,Home Decor,1,23600.69,0.0,15340.45,EasyPaisa
TXN-202401147,2026-02-14 07:39:54.727721,SKU-ELE-123,Electronics,1,91356.3,0.0,77652.85,JazzCash
TXN-202401088,2026-02-14 07:44:01.727721,SKU-HOM-223,Home Decor,1,7905.48,0.0,5138.56,Credit Card
TXN-202401754,2026-02-14 07:44:30.727721,SKU-ELE-309,Electronics,1,112438.38,0.0,95572.62,Cash
TXN-202401665,2026-02-14 07:58:31.727721,SKU-APP-123,Apparel,1,1100.71,0.0,660.43,Credit Card
TXN-202401581,2026-02-14 08:43:55.727721,SKU-ELE-932,Electronics,2,78897.02,0.0,67062.47,EasyPaisa
TXN-202401765,2026-02-14 08:46:07.727721,SKU-APP-108,Apparel,1,1171.21,0.0,702.73,Debit Card
TXN-202401804,2026-02-14 09:05:21.727721,SKU-DAI-682,Dairy,1,328.28,0.0,302.02,JazzCash
TXN-202401954,2026-02-14 09:26:48.727721,SKU-GRO-884,Grocery,1,642.92,0.0,578.63,Credit Card
TXN-202401179,2026-02-14 11:45:38.727721,SKU-HOM-270,Home Decor,1,16330.63,0.0,10614.91,Credit Card
TXN-202401397,2026-02-14 12:11:59.727721,SKU-GRO-299,Grocery,1,635.35,88.57,571.82,Credit Card
TXN-202401629,2026-02-14 12:28:02.727721,SKU-HOM-900,Home Decor,1,14015.83,0.0,9110.29,Cash
TXN-202401628,2026-02-14 12:28:28.727721,SKU-HOM-134,Home Decor,1,6790.79,1068.37,4414.01,Debit Card
TXN-202401087,2026-02-14 12:58:25.727721,SKU-ELE-280,Electronics,1,50436.25,0.0,42870.81,JazzCash
TXN-202401148,2026-02-14 13:11:48.727721,SKU-APP-472,Apparel,1,5618.64,0.0,3371.18,Cash
TXN-202401524,2026-02-14 13:14:47.727721,SKU-ELE-251,Electronics,2,44040.12,0.0,37434.1,Credit Card
TXN-202401175,2026-02-14 13:20:13.727721,SKU-DAI-174,Dairy,2,214.22,0.0,197.08,Cash
TXN-202401130,2026-02-14 13:31:11.727721,SKU-APP-641,Apparel,3,5223.5,0.0,3134.1,JazzCash
TXN-202401459,2026-02-14 13:32:18.727721,SKU-HOM-284,Home Decor,1,18185.79,0.0,11820.76,Credit Card
TXN-202401926,2026-02-14 13:36:42.727721,SKU-ELE-668,Electronics,1,60416.69,0.0,51354.19,JazzCash
TXN-202401248,2026-02-14 14:08:43.727721,SKU-ELE-682,Electronics,1,90582.95,0.0,76995.51,EasyPaisa
TXN-202401557,2026-02-14 14:12:01.727721,SKU-GRO-593,Grocery,1,719.28,0.0,647.35,Credit Card
TXN-202401741,2026-02-14 14:34:54.727721,SKU-DAI-520,Dairy,1,227.78,29.63,209.56,Credit Card
TXN-202401960,2026-02-14 14:45:58.727721,SKU-GRO-307,Grocery,1,1182.93,0.0,1064.64,JazzCash
TXN-202401382,2026-02-14 14:55:38.727721,SKU-GRO-121,Grocery,3,347.76,0.0,312.98,JazzCash
TXN-202401685,2026-02-14 14:57:32.727721,SKU-ELE-984,Electronics,1,24306.31,0.0,20660.36,Debit Card
TXN-202401946,2026-02-14 15:15:13.727721,SKU-APP-276,Apparel,2,4327.02,0.0,2596.21,JazzCash
TXN-202401664,2026-02-14 15:25:09.727721,SKU-GRO-654,Grocery,1,331.37,0.0,298.23,Cash
TXN-202401341,2026-02-14 15:39:17.727721,SKU-APP-991,Apparel,4,4259.68,213.34,2555.81,JazzCash
TXN-202401205,2026-02-14 15:41:16.727721,SKU-HOM-685,Home Decor,1,4863.58,0.0,3161.33,Credit Card
TXN-202401461,2026-02-14 15:57:01.727721,SKU-ELE-667,Electronics,1,22096.57,0.0,18782.08,EasyPaisa
TXN-202401467,2026-02-14 16:27:41.727721,SKU-APP-464,Apparel,1,5019.04,0.0,3011.42,Cash
TXN-202401875,2026-02-14 16:39:51.727721,SKU-GRO-840,Grocery,3,1333.25,0.0,1199.92,Credit Card
TXN-202401987,2026-02-14 16:52:00.727721,SKU-ELE-186,Electronics,1,136963.82,9143.8,116419.25,JazzCash
TXN-202401997,2026-02-14 17:18:40.727721,SKU-ELE-764,Electronics,4,36269.6,0.0,30829.16,EasyPaisa
TXN-202401187,2026-02-14 17:52:27.727721,SKU-ELE-402,Electronics,1,51672.6,0.0,43921.71,JazzCash
TXN-202401514,2026-02-14 18:02:46.727721,SKU-GRO-105,Grocery,1,381.85,0.0,343.67,EasyPaisa
TXN-202401824,2026-02-14 18:21:48.727721,SKU-HOM-939,Home Decor,1,20519.04,0.0,13337.38,JazzCash
TXN-202401921,2026-02-14 18:43:11.727721,SKU-GRO-889,Grocery,1,376.04,0.0,338.44,Credit Card
TXN-202401492,2026-02-14 19:54:15.727721,SKU-DAI-358,Dairy,1,156.98,0.0,144.42,EasyPaisa
TXN-202401342,2026-02-14 20:11:47.727721,SKU-ELE-593,Electronics,1,148756.24,0.0,126442.8,Credit Card
TXN-202401078,2026-02-14 21:21:50.727721,SKU-HOM-242,Home Decor,1,10509.4,1972.51,6831.11,EasyPaisa
TXN-202401575,2026-02-15 00:23:52.727721,SKU-HOM-565,Home Decor,1,11284.35,0.0,7334.83,JazzCash
TXN-202401255,2026-02-15 06:03:09.727721,SKU-DAI-683,Dairy,1,419.9,0.0,386.31,Cash
TXN-202401800,2026-02-15 06:05:23.727721,SKU-GRO-190,Grocery,1,933.2,0.0,839.88,Credit Card
TXN-202401920,2026-02-15 09:22:55.727721,SKU-DAI-631,Dairy,3,296.87,0.0,273.12,EasyPaisa
TXN-202401270,2026-02-15 09:52:03.727721,SKU-DAI-445,Dairy,1,184.18,0.0,169.45,Debit Card
TXN-202401844,2026-02-15 10:44:20.727721,SKU-DAI-205,Dairy,1,321.78,0.0,296.04,JazzCash
TXN-202401819,2026-02-15 11:24:02.727721,SKU-APP-735,Apparel,4,7374.34,0.0,4424.6,EasyPaisa
TXN-202401885,2026-02-15 11:39:56.727721,SKU-APP-586,Apparel,2,7948.58,0.0,4769.15,Debit Card
TXN-202401536,2026-02-15 11:53:11.727721,SKU-HOM-737,Home Decor,2,14684.54,0.0,9544.95,Debit Card
TXN-202401304,2026-02-15 11:58:02.727721,SKU-GRO-314,Grocery,1,591.59,0.0,532.43,Credit Card
TXN-202401479,2026-02-15 12:07:23.727721,SKU-ELE-552,Electronics,1,22004.27,0.0,18703.63,Debit Card
TXN-202401692,2026-02-15 12:24:24.727721,SKU-HOM-557,Home Decor,3,24808.81,0.0,16125.73,JazzCash
TXN-202401131,2026-02-15 13:05:21.727721,SKU-DAI-468,Dairy,1,412.14,0.0,379.17,Debit Card
TXN-202401525,2026-02-15 13:08:14.727721,SKU-GRO-236,Grocery,1,61.04,0.0,54.94,EasyPaisa
TXN-202401333,2026-02-15 13:18:06.727721,SKU-DAI-187,Dairy,1,381.82,0.0,351.27,Cash
TXN-202401061,2026-02-15 13:50:06.727721,SKU-HOM-144,Home Decor,1,5983.21,0.0,3889.09,EasyPaisa
TXN-202401016,2026-02-15 13:56:20.727721,SKU-ELE-881,Electronics,3,148388.15,0.0,126129.93,Credit Card
TXN-202401796,2026-02-15 14:10:58.727721,SKU-HOM-158,Home Decor,2,18629.26,1612.04,12109.02,JazzCash
TXN-202401070,2026-02-15 14:34:27.727721,SKU-ELE-490,Electronics,3,30678.58,0.0,26076.79,JazzCash
TXN-202401312,2026-02-15 14:59:42.727721,SKU-HOM-869,Home Decor,3,12552.88,0.0,8159.37,Cash
TXN-202401299,2026-02-15 15:06:54.727721,SKU-DAI-116,Dairy,3,226.8,0.0,208.66,EasyPaisa
TXN-202401723,2026-02-15 15:12:33.727721,SKU-GRO-667,Grocery,2,655.39,0.0,589.85,JazzCash
TXN-202401956,2026-02-15 15:39:40.727721,SKU-HOM-721,Home Decor,1,8478.35,0.0,5510.93,Credit Card
TXN-202401717,2026-02-15 15:42:00.727721,SKU-APP-973,Apparel,4,5626.83,0.0,3376.1,EasyPaisa
TXN-202401996,2026-02-15 15:52:40.727721,SKU-APP-856,Apparel,1,5682.25,0.0,3409.35,Cash
TXN-202401361,2026-02-15 15:53:49.727721,SKU-ELE-895,Electronics,2,98378.28,0.0,83621.54,Credit Card
TXN-202401417,2026-02-15 16:12:38.727721,SKU-ELE-233,Electronics,4,72498.0,0.0,61623.3,EasyPaisa
TXN-202401870,2026-02-15 16:23:28.727721,SKU-APP-857,Apparel,1,7406.27,0.0,4443.76,EasyPaisa
TXN-202401108,2026-02-15 17:04:18.727721,SKU-DAI-915,Dairy,1,499.19,66.27,459.25,JazzCash
TXN-202401558,2026-02-15 17:27:23.727721,SKU-HOM-386,Home Decor,4,20057.47,0.0,13037.36,Cash
TXN-202401850,2026-02-15 18:33:46.727721,SKU-ELE-950,Electronics,3,39439.4,0.0,33523.49,EasyPaisa
TXN-202401195,2026-02-16 02:37:18.727721,SKU-DAI-668,Dairy,1,414.42,0.0,381.27,Debit Card
TXN-202401084,2026-02-16 07:05:29.727721,SKU-APP-272,Apparel,3,7384.67,0.0,4430.8,JazzCash
TXN-202401346,2026-02-16 08:03:26.727721,SKU-APP-248,Apparel,1,2553.67,0.0,1532.2,Cash
TXN-202401110,2026-02-16 08:25:30.727721,SKU-APP-493,Apparel,1,4780.87,0.0,2868.52,Credit Card
TXN-202401787,2026-02-16 08:49:04.727721,SKU-HOM-889,Home Decor,4,14292.15,0.0,9289.9,Cash
TXN-202401260,2026-02-16 10:32:30.727721,SKU-ELE-835,Electronics,1,136047.99,0.0,115640.79,JazzCash
TXN-202401319,2026-02-16 10:50:19.727721,SKU-GRO-162,Grocery,1,1049.01,0.0,944.11,JazzCash
TXN-202401231,2026-02-16 11:26:50.727721,SKU-DAI-121,Dairy,1,366.85,0.0,337.5,Credit Card
TXN-202401170,2026-02-16 11:50:30.727721,SKU-ELE-207,Electronics,1,30795.06,3119.57,26175.8,Cash
TXN-202401969,2026-02-16 12:39:45.727721,SKU-ELE-578,Electronics,1,18970.19,0.0,16124.66,Credit Card
TXN-202401613,2026-02-16 13:11:37.727721,SKU-DAI-425,Dairy,1,357.12,0.0,328.55,Debit Card
TXN-202401307,2026-02-16 13:19:30.727721,SKU-APP-383,Apparel,3,3455.98,0.0,2073.59,JazzCash
TXN-202401828,2026-02-16 13:29:57.727721,SKU-DAI-837,Dairy,1,495.29,0.0,455.67,JazzCash
TXN-202401859,2026-02-16 13:34:27.727721,SKU-GRO-291,Grocery,1,534.12,0.0,480.71,JazzCash
TXN-202401949,2026-02-16 13:34:51.727721,SKU-GRO-764,Grocery,1,121.82,9.72,109.64,Cash
TXN-202401533,2026-02-16 13:36:37.727721,SKU-APP-306,Apparel,1,4355.45,709.89,2613.27,Cash
TXN-202401068,2026-02-16 13:54:31.727721,SKU-APP-748,Apparel,1,6320.47,0.0,3792.28,EasyPaisa
TXN-202401647,2026-02-16 14:16:14.727721,SKU-HOM-685,Home Decor,1,20659.37,0.0,13428.59,EasyPaisa
TXN-202401637,2026-02-16 14:39:34.727721,SKU-ELE-465,Electronics,4,45706.15,0.0,38850.23,Credit Card
TXN-202401464,2026-02-16 14:40:42.727721,SKU-GRO-982,Grocery,2,57.81,0.0,52.03,JazzCash
TXN-202401218,2026-02-16 14:46:47.727721,SKU-DAI-195,Dairy,1,193.63,0.0,178.14,Debit Card
TXN-202401028,2026-02-16 14:51:44.727721,SKU-DAI-436,Dairy,1,416.68,0.0,383.35,Cash
TXN-202401335,2026-02-16 14:52:24.727721,SKU-HOM-528,Home Decor,1,3046.63,426.85,1980.31,EasyPaisa
TXN-202401184,2026-02-16 15:06:07.727721,SKU-DAI-152,Dairy,1,455.56,0.0,419.12,Debit Card
TXN-202401719,2026-02-16 15:08:31.727721,SKU-APP-497,Apparel,1,4642.08,0.0,2785.25,Credit Card
TXN-202401729,2026-02-16 15:14:08.727721,SKU-DAI-807,Dairy,2,341.18,0.0,313.89,JazzCash
TXN-202401408,2026-02-16 15:39:04.727721,SKU-GRO-454,Grocery,2,285.35,0.0,256.82,EasyPaisa
TXN-202401317,2026-02-16 15:40:16.727721,SKU-DAI-426,Dairy,2,407.64,0.0,375.03,JazzCash
TXN-202401254,2026-02-16 16:32:55.727721,SKU-APP-619,Apparel,1,4771.92,0.0,2863.15,Credit Card
TXN-202401305,2026-02-16 16:41:35.727721,SKU-GRO-629,Grocery,1,1346.55,0.0,1211.89,JazzCash
TXN-202401488,2026-02-16 16:41:56.727721,SKU-DAI-988,Dairy,2,370.44,0.0,340.8,EasyPaisa
TXN-202401415,2026-02-16 16:46:22.727721,SKU-HOM-956,Home Decor,1,6230.51,0.0,4049.83,Debit Card
TXN-202401267,2026-02-16 16:58:06.727721,SKU-DAI-982,Dairy,1,130.8,0.0,120.34,Cash
TXN-202401290,2026-02-16 17:46:19.727721,SKU-APP-882,Apparel,3,4378.85,0.0,2627.31,EasyPaisa
TXN-202401050,2026-02-16 18:15:35.727721,SKU-DAI-387,Dairy,3,326.89,0.0,300.74,JazzCash
TXN-202401649,2026-02-16 18:38:32.727721,SKU-DAI-383,Dairy,2,373.82,0.0,343.91,Credit Card
TXN-202401971,2026-02-16 21:49:50.727721,SKU-GRO-471,Grocery,1,452.66,0.0,407.39,Cash
TXN-202401587,2026-02-16 23:23:41.727721,SKU-GRO-535,Grocery,3,338.49,23.12,304.64,EasyPaisa
TXN-202401092,2026-02-17 01:44:52.727721,SKU-GRO-194,Grocery,1,1008.34,0.0,907.51,Cash
TXN-202401435,2026-02-17 06:11:56.727721,SKU-HOM-634,Home Decor,1,12720.33,0.0,8268.21,Cash
TXN-202401063,2026-02-17 07:01:17.727721,SKU-APP-283,Apparel,1,7498.99,0.0,4499.39,JazzCash
TXN-202401589,2026-02-17 08:03:16.727721,SKU-DAI-240,Dairy,1,406.1,0.0,373.61,Debit Card
TXN-202401251,2026-02-17 08:38:35.727721,SKU-APP-976,Apparel,1,6907.69,1240.78,4144.61,JazzCash
TXN-202401983,2026-02-17 11:14:35.727721,SKU-HOM-389,Home Decor,1,21000.51,0.0,13650.33,EasyPaisa
TXN-202401556,2026-02-17 11:21:20.727721,SKU-DAI-268,Dairy,1,370.32,27.37,340.69,EasyPaisa
TXN-202401866,2026-02-17 11:58:58.727721,SKU-HOM-204,Home Decor,3,15066.58,0.0,9793.28,Cash
TXN-202401877,2026-02-17 12:03:00.727721,SKU-GRO-926,Grocery,4,315.01,0.0,283.51,EasyPaisa
TXN-202401889,2026-02-17 12:19:07.727721,SKU-GRO-190,Grocery,2,526.81,0.0,474.13,Cash
TXN-202401152,2026-02-17 12:37:54.727721,SKU-ELE-460,Electronics,2,89962.46,13759.85,76468.09,EasyPaisa
TXN-202401355,2026-02-17 12:38:30.727721,SKU-DAI-661,Dairy,2,305.16,0.0,280.75,Credit Card
TXN-202401678,2026-02-17 13:09:04.727721,SKU-GRO-656,Grocery,3,109.12,0.0,98.21,Cash
TXN-202401352,2026-02-17 13:11:53.727721,SKU-HOM-988,Home Decor,1,16651.49,0.0,10823.47,Debit Card
TXN-202401585,2026-02-17 13:20:55.727721,SKU-HOM-597,Home Decor,1,7783.67,0.0,5059.39,JazzCash
TXN-202401314,2026-02-17 14:06:14.727721,SKU-HOM-170,Home Decor,2,20883.17,0.0,13574.06,EasyPaisa
TXN-202401219,2026-02-17 15:06:44.727721,SKU-GRO-498,Grocery,1,344.6,0.0,310.14,Debit Card
TXN-202401760,2026-02-17 15:38:28.727721,SKU-HOM-547,Home Decor,1,2318.23,0.0,1506.85,EasyPaisa
TXN-202401992,2026-02-17 15:39:11.727721,SKU-APP-108,Apparel,2,7356.7,0.0,4414.02,Cash
TXN-202401121,2026-02-17 15:39:41.727721,SKU-APP-467,Apparel,3,4676.75,0.0,2806.05,Debit Card
TXN-202401288,2026-02-17 16:34:22.727721,SKU-ELE-455,Electronics,3,144929.46,0.0,123190.04,EasyPaisa
TXN-202401330,2026-02-17 16:49:34.727721,SKU-DAI-999,Dairy,1,88.6,14.25,81.51,JazzCash
TXN-202401067,2026-02-17 17:47:37.727721,SKU-ELE-938,Electronics,1,90640.83,0.0,77044.71,JazzCash
TXN-202401469,2026-02-18 00:53:42.727721,SKU-APP-482,Apparel,4,7374.54,0.0,4424.72,Credit Card
TXN-202401494,2026-02-18 02:20:27.727721,SKU-ELE-376,Electronics,1,100765.47,0.0,85650.65,Debit Card
TXN-202401886,2026-02-18 05:16:35.727721,SKU-HOM-488,Home Decor,3,8901.06,0.0,5785.69,JazzCash
TXN-202401048,2026-02-18 06:41:25.727721,SKU-ELE-385,Electronics,3,107988.26,0.0,91790.02,Debit Card
TXN-202401821,2026-02-18 08:02:50.727721,SKU-DAI-738,Dairy,1,236.6,40.53,217.67,JazzCash
TXN-202401746,2026-02-18 08:19:34.727721,SKU-ELE-958,Electronics,2,96478.91,0.0,82007.07,Debit Card
TXN-202401601,2026-02-18 08:21:27.727721,SKU-DAI-229,Dairy,1,292.68,0.0,269.27,Cash
TXN-202401668,2026-02-18 08:38:14.727721,SKU-ELE-293,Electronics,1,81414.9,0.0,69202.66,EasyPaisa
TXN-202401428,2026-02-18 10:21:28.727721,SKU-HOM-802,Home Decor,1,16490.49,0.0,10718.82,Cash
TXN-202401275,2026-02-18 10:30:26.727721,SKU-ELE-508,Electronics,1,26914.0,0.0,22876.9,Cash
TXN-202401269,2026-02-18 11:04:13.727721,SKU-HOM-700,Home Decor,1,11099.95,0.0,7214.97,JazzCash
TXN-202401362,2026-02-18 12:21:01.727721,SKU-DAI-994,Dairy,1,151.01,22.18,138.93,Debit Card
TXN-202401677,2026-02-18 12:58:27.727721,SKU-GRO-172,Grocery,4,525.23,54.84,472.71,JazzCash
TXN-202401487,2026-02-18 13:01:34.727721,SKU-HOM-107,Home Decor,1,11387.2,0.0,7401.68,JazzCash
TXN-202401223,2026-02-18 13:06:35.727721,SKU-APP-518,Apparel,1,5337.08,0.0,3202.25,Cash
TXN-202401989,2026-02-18 13:34:38.727721,SKU-ELE-308,Electronics,1,125689.62,9650.28,106836.18,EasyPaisa
TXN-202401619,2026-02-18 13:41:59.727721,SKU-GRO-389,Grocery,1,1263.21,0.0,1136.89,JazzCash
TXN-202401559,2026-02-18 13:42:36.727721,SKU-APP-838,Apparel,2,1042.72,0.0,625.63,EasyPaisa
TXN-202401423,2026-02-18 14:01:11.727721,SKU-GRO-116,Grocery,1,1259.27,0.0,1133.34,Credit Card
TXN-202401710,2026-02-18 14:15:46.727721,SKU-ELE-270,Electronics,2,96693.96,0.0,82189.87,EasyPaisa
TXN-202401751,2026-02-18 14:49:28.727721,SKU-DAI-544,Dairy,1,338.64,0.0,311.55,Debit Card
TXN-202401576,2026-02-18 14:55:39.727721,SKU-ELE-476,Electronics,1,137587.69,0.0,116949.54,Cash
TXN-202401537,2026-02-18 14:59:34.727721,SKU-ELE-237,Electronics,2,56751.97,0.0,48239.17,Credit Card
TXN-202401451,2026-02-18 15:16:36.727721,SKU-GRO-461,Grocery,1,295.91,0.0,266.32,JazzCash
TXN-202401264,2026-02-18 15:42:31.727721,SKU-APP-586,Apparel,1,2957.69,0.0,1774.61,EasyPaisa
TXN-202401192,2026-02-18 16:00:27.727721,SKU-APP-265,Apparel,1,5211.19,0.0,3126.71,Cash
TXN-202401545,2026-02-18 16:24:14.727721,SKU-DAI-500,Dairy,1,202.46,0.0,186.26,Credit Card
TXN-202401568,2026-02-19 01:22:14.727721,SKU-APP-524,Apparel,1,6664.67,0.0,3998.8,JazzCash
TXN-202401180,2026-02-19 03:30:41.727721,SKU-HOM-608,Home Decor,2,21484.51,3549.1,13964.93,Credit Card
TXN-202401306,2026-02-19 07:37:40.727721,SKU-GRO-671,Grocery,1,1076.73,0.0,969.06,Debit Card
TXN-202401481,2026-02-19 08:09:19.727721,SKU-APP-349,Apparel,1,6438.52,1072.06,3863.11,Credit Card
TXN-202401858,2026-02-19 08:16:12.727721,SKU-DAI-347,Dairy,1,178.74,0.0,164.44,Credit Card
TXN-202401090,2026-02-19 08:33:49.727721,SKU-HOM-552,Home Decor,1,19645.62,0.0,12769.65,EasyPaisa
TXN-202401074,2026-02-19 09:08:25.727721,SKU-DAI-189,Dairy,1,397.81,25.57,365.99,JazzCash
TXN-202401693,2026-02-19 09:45:09.727721,SKU-ELE-563,Electronics,1,147195.0,0.0,125115.75,JazzCash
TXN-202401383,2026-02-19 09:59:18.727721,SKU-DAI-460,Dairy,1,177.86,0.0,163.63,Cash
TXN-202401022,2026-02-19 10:07:24.727721,SKU-HOM-427,Home Decor,1,5959.21,0.0,3873.49,JazzCash
TXN-202401663,2026-02-19 10:22:51.727721,SKU-HOM-526,Home Decor,2,22211.06,0.0,14437.19,Cash
TXN-202401841,2026-02-19 11:13:07.727721,SKU-ELE-819,Electronics,1,133504.53,0.0,113478.85,JazzCash
TXN-202401738,2026-02-19 11:40:13.727721,SKU-DAI-586,Dairy,4,88.47,0.0,81.39,Debit Card
TXN-202401549,2026-02-19 11:46:35.727721,SKU-DAI-971,Dairy,2,262.97,0.0,241.93,Credit Card
TXN-202401387,2026-02-19 11:58:30.727721,SKU-HOM-446,Home Decor,1,7402.43,1277.4,4811.58,EasyPaisa
TXN-202401034,2026-02-19 12:26:13.727721,SKU-GRO-449,Grocery,1,203.88,0.0,183.49,Credit Card
TXN-202401853,2026-02-19 13:09:39.727721,SKU-HOM-155,Home Decor,3,12571.23,0.0,8171.3,Cash
TXN-202401036,2026-02-19 13:22:32.727721,SKU-HOM-402,Home Decor,1,10050.79,0.0,6533.01,Cash
TXN-202401149,2026-02-19 13:52:47.727721,SKU-ELE-236,Electronics,1,113087.56,0.0,96124.43,Debit Card
TXN-202401645,2026-02-19 13:54:01.727721,SKU-APP-680,Apparel,1,1276.85,91.85,766.11,Credit Card
TXN-202401923,2026-02-19 14:33:58.727721,SKU-DAI-453,Dairy,1,213.16,0.0,196.11,JazzCash
TXN-202401139,2026-02-19 14:36:42.727721,SKU-DAI-429,Dairy,1,113.25,0.0,104.19,Credit Card
TXN-202401259,2026-02-19 14:36:45.727721,SKU-HOM-115,Home Decor,3,24313.96,0.0,15804.07,JazzCash
TXN-202401444,2026-02-19 14:38:23.727721,SKU-APP-403,Apparel,1,4192.21,0.0,2515.33,Credit Card
TXN-202401204,2026-02-19 14:49:45.727721,SKU-GRO-879,Grocery,1,538.42,0.0,484.58,Credit Card
TXN-202401694,2026-02-19 14:58:33.727721,SKU-GRO-944,Grocery,1,1093.33,0.0,984.0,Cash
TXN-202401113,2026-02-19 15:05:46.727721,SKU-HOM-206,Home Decor,4,20093.19,0.0,13060.57,Credit Card
TXN-202401345,2026-02-19 15:17:26.727721,SKU-GRO-922,Grocery,1,111.73,16.45,100.56,Credit Card
TXN-202401901,2026-02-19 15:43:03.727721,SKU-HOM-790,Home Decor,1,8887.5,0.0,5776.88,JazzCash
TXN-202401143,2026-02-19 15:52:01.727721,SKU-ELE-686,Electronics,1,19339.77,2911.54,16438.8,JazzCash
TXN-202401493,2026-02-19 16:01:20.727721,SKU-HOM-805,Home Decor,1,6437.06,0.0,4184.09,Debit Card
TXN-202401951,2026-02-19 16:42:07.727721,SKU-HOM-627,Home Decor,1,11891.87,0.0,7729.72,JazzCash
TXN-202401035,2026-02-19 16:49:41.727721,SKU-GRO-460,Grocery,1,540.81,0.0,486.73,Cash
TXN-202401837,2026-02-19 16:59:52.727721,SKU-HOM-344,Home Decor,1,6895.66,0.0,4482.18,EasyPaisa
TXN-202401609,2026-02-19 17:15:04.727721,SKU-GRO-764,Grocery,1,122.96,0.0,110.66,Credit Card
TXN-202401699,2026-02-19 17:16:29.727721,SKU-DAI-374,Dairy,1,364.36,0.0,335.21,JazzCash
TXN-202401211,2026-02-19 17:38:56.727721,SKU-HOM-923,Home Decor,4,9014.19,0.0,5859.22,Debit Card
TXN-202401062,2026-02-19 17:47:06.727721,SKU-DAI-206,Dairy,1,82.09,11.73,75.52,JazzCash
TXN-202401001,2026-02-19 19:13:44.727721,SKU-ELE-596,Electronics,1,102422.53,0.0,87059.15,Cash
TXN-202401077,2026-02-20 06:59:31.727721,SKU-APP-834,Apparel,1,1898.56,0.0,1139.14,Credit Card
TXN-202401023,2026-02-20 07:04:12.727721,SKU-ELE-673,Electronics,1,20139.58,0.0,17118.64,JazzCash
TXN-202401431,2026-02-20 07:26:49.727721,SKU-DAI-940,Dairy,2,492.73,29.79,453.31,Credit Card
TXN-202401291,2026-02-20 07:32:09.727721,SKU-DAI-574,Dairy,3,105.22,0.0,96.8,EasyPaisa
TXN-202401393,2026-02-20 07:52:48.727721,SKU-DAI-239,Dairy,1,406.47,0.0,373.95,Debit Card
TXN-202401085,2026-02-20 08:50:40.727721,SKU-HOM-868,Home Decor,1,9981.3,0.0,6487.84,EasyPaisa
TXN-202401928,2026-02-20 09:01:13.727721,SKU-APP-280,Apparel,1,4159.65,0.0,2495.79,Cash
TXN-202401321,2026-02-20 09:19:32.727721,SKU-ELE-324,Electronics,3,52882.7,0.0,44950.29,JazzCash
TXN-202401943,2026-02-20 09:27:24.727721,SKU-ELE-783,Electronics,1,92683.21,0.0,78780.73,Cash
TXN-202401550,2026-02-20 11:03:05.727721,SKU-DAI-767,Dairy,1,438.88,0.0,403.77,Debit Card
TXN-202401651,2026-02-20 11:21:29.727721,SKU-DAI-572,Dairy,1,171.64,0.0,157.91,EasyPaisa
TXN-202401774,2026-02-20 12:25:29.727721,SKU-GRO-618,Grocery,1,545.38,0.0,490.84,EasyPaisa
TXN-202401583,2026-02-20 12:35:04.727721,SKU-ELE-939,Electronics,2,76482.28,0.0,65009.94,EasyPaisa
TXN-202401241,2026-02-20 12:50:55.727721,SKU-APP-793,Apparel,1,4508.9,334.78,2705.34,Credit Card
TXN-202401957,2026-02-20 12:52:32.727721,SKU-APP-800,Apparel,1,1535.37,0.0,921.22,Cash
TXN-202401656,2026-02-20 13:14:15.727721,SKU-APP-471,Apparel,1,3879.24,631.09,2327.54,EasyPaisa
TXN-202401247,2026-02-20 13:29:25.727721,SKU-ELE-948,Electronics,3,32877.6,3683.71,27945.96,Credit Card
TXN-202401592,2026-02-20 13:45:28.727721,SKU-DAI-238,Dairy,2,274.65,0.0,252.68,Cash
TXN-202401156,2026-02-20 14:05:53.727721,SKU-HOM-144,Home Decor,3,14897.01,0.0,9683.06,JazzCash
TXN-202401961,2026-02-20 14:44:04.727721,SKU-ELE-327,Electronics,1,76848.99,4321.87,65321.64,Cash
TXN-202401766,2026-02-20 14:59:52.727721,SKU-DAI-861,Dairy,1,379.98,0.0,349.58,JazzCash
TXN-202401437,2026-02-20 15:08:13.727721,SKU-APP-590,Apparel,1,7181.16,0.0,4308.7,EasyPaisa
TXN-202401253,2026-02-20 15:26:35.727721,SKU-HOM-166,Home Decor,1,17401.83,884.38,11311.19,JazzCash
TXN-202401762,2026-02-20 15:51:51.727721,SKU-APP-250,Apparel,1,7284.07,0.0,4370.44,Debit Card
TXN-202401565,2026-02-20 15:54:41.727721,SKU-DAI-213,Dairy,2,105.5,0.0,97.06,Debit Card
TXN-202401588,2026-02-20 15:56:27.727721,SKU-ELE-427,Electronics,1,143331.76,0.0,121832.0,EasyPaisa
TXN-202401964,2026-02-20 16:13:07.727721,SKU-ELE-404,Electronics,1,127775.91,0.0,108609.52,Debit Card
TXN-202401367,2026-02-20 16:32:52.727721,SKU-HOM-645,Home Decor,1,23099.96,0.0,15014.97,Cash
TXN-202401728,2026-02-20 16:59:37.727721,SKU-GRO-373,Grocery,1,351.54,58.45,316.39,Credit Card
TXN-202401532,2026-02-20 17:38:28.727721,SKU-DAI-493,Dairy,1,466.25,63.77,428.95,Cash
TXN-202401864,2026-02-20 17:41:29.727721,SKU-HOM-274,Home Decor,1,4275.47,0.0,2779.06,Credit Card
TXN-202401715,2026-02-20 17:44:20.727721,SKU-DAI-715,Dairy,1,434.73,0.0,399.95,Cash
TXN-202401627,2026-02-20 17:59:49.727721,SKU-APP-149,Apparel,1,4822.99,0.0,2893.79,Debit Card
TXN-202401358,2026-02-20 18:25:31.727721,SKU-DAI-358,Dairy,1,356.07,0.0,327.58,Debit Card
TXN-202401010,2026-02-20 19:43:26.727721,SKU-ELE-517,Electronics,3,144183.49,0.0,122555.97,JazzCash
TXN-202401995,2026-02-20 20:09:42.727721,SKU-APP-119,Apparel,1,7244.88,0.0,4346.93,EasyPaisa
TXN-202401941,2026-02-21 00:46:59.727721,SKU-ELE-681,Electronics,1,124431.25,0.0,105766.56,Debit Card
TXN-202401884,2026-02-21 07:13:40.727721,SKU-GRO-559,Grocery,3,568.07,0.0,511.26,Credit Card
TXN-202401120,2026-02-21 07:24:54.727721,SKU-GRO-556,Grocery,1,117.19,0.0,105.47,Debit Card
TXN-202401849,2026-02-21 08:13:58.727721,SKU-HOM-391,Home Decor,1,21864.25,0.0,14211.76,Cash
TXN-202401019,2026-02-21 08:21:30.727721,SKU-ELE-610,Electronics,1,21211.92,0.0,18030.13,EasyPaisa
TXN-202401942,2026-02-21 10:24:21.727721,SKU-GRO-408,Grocery,2,1345.97,0.0,1211.37,JazzCash
TXN-202401125,2026-02-21 11:27:08.727721,SKU-ELE-461,Electronics,1,116970.03,0.0,99424.53,Cash
TXN-202401827,2026-02-21 11:47:37.727721,SKU-ELE-506,Electronics,2,115966.87,0.0,98571.84,Cash
TXN-202401640,2026-02-21 11:55:41.727721,SKU-DAI-561,Dairy,1,86.54,13.76,79.62,Credit Card
TXN-202401073,2026-02-21 11:58:36.727721,SKU-ELE-548,Electronics,1,15148.74,0.0,12876.43,Debit Card
TXN-202401516,2026-02-21 12:19:55.727721,SKU-GRO-504,Grocery,1,1035.9,0.0,932.31,EasyPaisa
TXN-202401322,2026-02-21 12:21:40.727721,SKU-HOM-982,Home Decor,1,2741.62,0.0,1782.05,Credit Card
TXN-202401862,2026-02-21 12:50:48.727721,SKU-DAI-373,Dairy,1,497.06,0.0,457.3,Debit Card
TXN-202401008,2026-02-21 12:53:35.727721,SKU-ELE-431,Electronics,2,130032.49,0.0,110527.62,Cash
TXN-202401680,2026-02-21 13:09:41.727721,SKU-ELE-353,Electronics,1,136031.03,0.0,115626.38,EasyPaisa
TXN-202401206,2026-02-21 13:09:54.727721,SKU-DAI-357,Dairy,1,229.25,0.0,210.91,JazzCash
TXN-202401101,2026-02-21 13:17:15.727721,SKU-APP-506,Apparel,1,7605.55,0.0,4563.33,JazzCash
TXN-202401031,2026-02-21 14:00:30.727721,SKU-GRO-282,Grocery,2,661.24,0.0,595.12,Cash
TXN-202401982,2026-02-21 14:30:05.727721,SKU-GRO-192,Grocery,1,1169.29,0.0,1052.36,Credit Card
TXN-202401910,2026-02-21 14:50:00.727721,SKU-HOM-700,Home Decor,4,11854.61,0.0,7705.5,Credit Card
TXN-202401292,2026-02-21 15:30:04.727721,SKU-HOM-337,Home Decor,1,7932.09,0.0,5155.86,Debit Card
TXN-202401872,2026-02-21 15:33:35.727721,SKU-APP-603,Apparel,2,4652.73,0.0,2791.64,Debit Card
TXN-202401446,2026-02-21 15:56:09.727721,SKU-HOM-547,Home Decor,2,19544.42,0.0,12703.87,Credit Card
TXN-202401390,2026-02-21 15:56:46.727721,SKU-HOM-960,Home Decor,1,16877.2,0.0,10970.18,Cash
TXN-202401412,2026-02-21 16:06:32.727721,SKU-APP-410,Apparel,1,1604.77,281.6,962.86,Debit Card
TXN-202401915,2026-02-21 16:45:14.727721,SKU-ELE-898,Electronics,1,90906.69,0.0,77270.69,Cash
TXN-202401229,2026-02-21 16:51:14.727721,SKU-ELE-448,Electronics,5,80998.88,0.0,68849.05,Credit Card
TXN-202401163,2026-02-21 17:52:44.727721,SKU-ELE-969,Electronics,1,41243.49,0.0,35056.97,Debit Card
TXN-202401118,2026-02-21 18:27:37.727721,SKU-ELE-380,Electronics,1,146814.97,8528.98,124792.72,JazzCash
TXN-202401594,2026-02-21 19:33:52.727721,SKU-APP-543,Apparel,1,3580.03,0.0,2148.02,Debit Card
TXN-202401976,2026-02-22 03:11:00.727721,SKU-ELE-800,Electronics,4,87523.11,0.0,74394.64,JazzCash
TXN-202401250,2026-02-22 07:11:13.727721,SKU-APP-553,Apparel,1,6605.13,0.0,3963.08,EasyPaisa
TXN-202401232,2026-02-22 07:18:01.727721,SKU-DAI-383,Dairy,2,161.31,0.0,148.41,EasyPaisa
TXN-202401141,2026-02-22 07:38:20.727721,SKU-GRO-403,Grocery,1,367.62,0.0,330.86,Debit Card
TXN-202401436,2026-02-22 09:59:23.727721,SKU-APP-824,Apparel,1,6851.37,0.0,4110.82,Cash
TXN-202401822,2026-02-22 11:19:39.727721,SKU-ELE-596,Electronics,1,112565.01,0.0,95680.26,Debit Card
TXN-202401151,2026-02-22 11:20:04.727721,SKU-GRO-306,Grocery,1,806.88,0.0,726.19,Credit Card
TXN-202401644,2026-02-22 11:52:16.727721,SKU-DAI-129,Dairy,2,464.93,0.0,427.74,Debit Card
TXN-202401134,2026-02-22 13:20:07.727721,SKU-DAI-878,Dairy,1,128.77,0.0,118.47,JazzCash
TXN-202401071,2026-02-22 13:32:12.727721,SKU-ELE-454,Electronics,1,136518.96,7543.11,116041.12,Credit Card
TXN-202401990,2026-02-22 14:03:20.727721,SKU-ELE-651,Electronics,2,112952.42,0.0,96009.56,Cash
TXN-202401366,2026-02-22 14:04:07.727721,SKU-APP-695,Apparel,2,7600.04,0.0,4560.02,EasyPaisa
TXN-202401150,2026-02-22 14:45:42.727721,SKU-DAI-328,Dairy,1,268.61,0.0,247.12,Debit Card
TXN-202401679,2026-02-22 15:49:21.727721,SKU-ELE-335,Electronics,1,102576.9,11855.73,87190.36,Cash
TXN-202401624,2026-02-22 16:13:33.727721,SKU-DAI-327,Dairy,2,81.02,0.0,74.54,JazzCash
TXN-202401659,2026-02-22 16:40:22.727721,SKU-GRO-251,Grocery,2,474.74,0.0,427.27,Debit Card
TXN-202401161,2026-02-22 16:44:13.727721,SKU-APP-369,Apparel,1,1171.05,0.0,702.63,JazzCash
TXN-202401196,2026-02-22 16:50:13.727721,SKU-DAI-135,Dairy,1,113.64,0.0,104.55,Cash
TXN-202401654,2026-02-22 17:19:48.727721,SKU-APP-356,Apparel,1,1709.16,0.0,1025.5,EasyPaisa
TXN-202401691,2026-02-22 18:40:13.727721,SKU-HOM-678,Home Decor,1,6231.77,0.0,4050.65,Debit Card
TXN-202401289,2026-02-22 19:17:50.727721,SKU-HOM-841,Home Decor,1,19841.4,0.0,12896.91,Debit Card
TXN-202401826,2026-02-22 19:33:19.727721,SKU-APP-964,Apparel,1,5142.93,0.0,3085.76,Credit Card
TXN-202401303,2026-02-22 23:54:47.727721,SKU-GRO-256,Grocery,2,636.55,82.0,572.89,Credit Card
TXN-202401160,2026-02-23 05:30:59.727721,SKU-GRO-766,Grocery,1,382.95,0.0,344.65,Debit Card
TXN-202401053,2026-02-23 06:29:13.727721,SKU-DAI-515,Dairy,2,396.47,0.0,364.75,JazzCash
TXN-202401643,2026-02-23 06:32:35.727721,SKU-ELE-962,Electronics,1,68408.72,10325.67,58147.41,Credit Card
TXN-202401193,2026-02-23 06:45:31.727721,SKU-APP-709,Apparel,3,1711.11,0.0,1026.67,EasyPaisa
TXN-202401230,2026-02-23 07:57:45.727721,SKU-GRO-236,Grocery,1,1010.1,0.0,909.09,Credit Card
TXN-202401454,2026-02-23 08:50:59.727721,SKU-GRO-391,Grocery,1,649.56,0.0,584.6,Credit Card
TXN-202401940,2026-02-23 09:06:28.727721,SKU-ELE-220,Electronics,1,133533.54,0.0,113503.51,Credit Card
TXN-202401284,2026-02-23 09:20:08.727721,SKU-APP-818,Apparel,1,4490.01,466.94,2694.01,Debit Card
TXN-202401727,2026-02-23 09:33:47.727721,SKU-APP-644,Apparel,5,7871.76,0.0,4723.06,Debit Card
TXN-202401177,2026-02-23 10:35:43.727721,SKU-GRO-119,Grocery,1,258.83,0.0,232.95,JazzCash
TXN-202401411,2026-02-23 11:03:25.727721,SKU-ELE-736,Electronics,1,25976.5,0.0,22080.02,Credit Card
TXN-202401854,2026-02-23 11:07:02.727721,SKU-DAI-580,Dairy,1,295.08,0.0,271.47,Cash
TXN-202401707,2026-02-23 11:19:29.727721,SKU-ELE-948,Electronics,1,144363.36,0.0,122708.86,EasyPaisa
TXN-202401753,2026-02-23 11:45:00.727721,SKU-HOM-960,Home Decor,1,19165.02,0.0,12457.26,Credit Card
TXN-202401381,2026-02-23 11:57:33.727721,SKU-ELE-284,Electronics,1,68357.65,0.0,58104.0,Debit Card
TXN-202401097,2026-02-23 12:57:49.727721,SKU-APP-411,Apparel,3,3177.82,0.0,1906.69,JazzCash
TXN-202401344,2026-02-23 12:58:28.727721,SKU-DAI-593,Dairy,1,205.0,0.0,188.6,Debit Card
TXN-202401539,2026-02-23 13:06:08.727721,SKU-GRO-777,Grocery,3,554.58,0.0,499.12,JazzCash
TXN-202401043,2026-02-23 13:17:09.727721,SKU-GRO-203,Grocery,1,500.22,0.0,450.2,Debit Card
TXN-202401203,2026-02-23 13:40:15.727721,SKU-APP-793,Apparel,3,6914.3,0.0,4148.58,Credit Card
TXN-202401731,2026-02-23 13:40:51.727721,SKU-APP-233,Apparel,5,5188.78,0.0,3113.27,Cash
TXN-202401353,2026-02-23 14:11:38.727721,SKU-HOM-706,Home Decor,1,22936.88,0.0,14908.97,EasyPaisa
TXN-202401718,2026-02-23 14:22:11.727721,SKU-APP-174,Apparel,4,1703.48,0.0,1022.09,Credit Card
TXN-202401076,2026-02-23 14:38:21.727721,SKU-HOM-388,Home Decor,1,3808.71,0.0,2475.66,Cash
TXN-202401273,2026-02-23 14:38:32.727721,SKU-APP-496,Apparel,2,6033.85,0.0,3620.31,JazzCash
TXN-202401634,2026-02-23 14:55:25.727721,SKU-APP-471,Apparel,3,1444.56,0.0,866.74,JazzCash
TXN-202401188,2026-02-23 15:01:37.727721,SKU-APP-383,Apparel,2,6602.62,0.0,3961.57,Cash
TXN-202401018,2026-02-23 15:02:19.727721,SKU-HOM-937,Home Decor,3,16176.69,0.0,10514.85,JazzCash
TXN-202401006,2026-02-23 15:13:20.727721,SKU-GRO-594,Grocery,1,552.92,0.0,497.63,Cash
TXN-202401182,2026-02-23 15:16:42.727721,SKU-ELE-301,Electronics,1,108407.71,0.0,92146.55,Debit Card
TXN-202401246,2026-02-23 15:31:26.727721,SKU-ELE-638,Electronics,1,117687.03,0.0,100033.98,Debit Card
TXN-202401109,2026-02-23 15:43:45.727721,SKU-HOM-179,Home Decor,1,17989.92,0.0,11693.45,Debit Card
TXN-202401040,2026-02-23 15:47:45.727721,SKU-DAI-376,Dairy,1,408.12,0.0,375.47,EasyPaisa
TXN-202401471,2026-02-23 15:59:37.727721,SKU-GRO-898,Grocery,1,78.39,0.0,70.55,Credit Card
TXN-202401378,2026-02-23 16:24:18.727721,SKU-HOM-419,Home Decor,1,8940.06,0.0,5811.04,JazzCash
TXN-202401126,2026-02-23 17:13:22.727721,SKU-HOM-823,Home Decor,5,18409.7,0.0,11966.31,Debit Card
TXN-202401398,2026-02-23 17:13:34.727721,SKU-GRO-863,Grocery,1,1130.99,85.66,1017.89,Cash
TXN-202401089,2026-02-23 19:30:03.727721,SKU-HOM-904,Home Decor,1,5790.02,0.0,3763.51,EasyPaisa
TXN-202401617,2026-02-24 07:43:23.727721,SKU-APP-854,Apparel,1,7970.43,0.0,4782.26,JazzCash
TXN-202401439,2026-02-24 08:57:51.727721,SKU-HOM-790,Home Decor,2,11393.99,0.0,7406.09,Debit Card
TXN-202401882,2026-02-24 09:09:05.727721,SKU-DAI-227,Dairy,1,258.23,0.0,237.57,Credit Card
TXN-202401574,2026-02-24 09:20:44.727721,SKU-GRO-151,Grocery,1,179.67,0.0,161.7,JazzCash
TXN-202401869,2026-02-24 10:10:44.727721,SKU-APP-946,Apparel,2,6731.37,0.0,4038.82,EasyPaisa
TXN-202401162,2026-02-24 11:28:30.727721,SKU-APP-894,Apparel,1,7280.12,0.0,4368.07,EasyPaisa
TXN-202401740,2026-02-24 11:45:28.727721,SKU-ELE-862,Electronics,2,119734.11,0.0,101773.99,Credit Card
TXN-202401011,2026-02-24 12:29:18.727721,SKU-APP-529,Apparel,1,4608.62,0.0,2765.17,EasyPaisa
TXN-202401137,2026-02-24 12:30:04.727721,SKU-APP-588,Apparel,1,4391.17,833.33,2634.7,Debit Card
TXN-202401480,2026-02-24 12:45:51.727721,SKU-HOM-855,Home Decor,3,10449.43,0.0,6792.13,Cash
TXN-202401235,2026-02-24 12:59:11.727721,SKU-ELE-422,Electronics,1,89496.24,0.0,76071.8,JazzCash
TXN-202401801,2026-02-24 13:06:08.727721,SKU-DAI-111,Dairy,2,190.39,0.0,175.16,Credit Card
TXN-202401060,2026-02-24 13:42:37.727721,SKU-APP-693,Apparel,1,1464.73,0.0,878.84,EasyPaisa
TXN-202401726,2026-02-24 14:08:16.727721,SKU-HOM-947,Home Decor,1,12220.39,1895.45,7943.25,EasyPaisa
TXN-202401789,2026-02-24 14:15:20.727721,SKU-DAI-634,Dairy,1,226.0,0.0,207.92,Cash
TXN-202401737,2026-02-24 14:23:00.727721,SKU-ELE-379,Electronics,1,66925.79,0.0,56886.92,JazzCash
TXN-202401132,2026-02-24 14:31:16.727721,SKU-ELE-922,Electronics,2,27097.21,0.0,23032.63,Credit Card
TXN-202401988,2026-02-24 14:33:26.727721,SKU-APP-170,Apparel,1,6531.71,0.0,3919.03,Cash
TXN-202401783,2026-02-24 14:36:28.727721,SKU-APP-828,Apparel,1,3522.23,0.0,2113.34,EasyPaisa
TXN-202401972,2026-02-24 14:43:40.727721,SKU-GRO-158,Grocery,1,76.03,0.0,68.43,EasyPaisa
TXN-202401198,2026-02-24 14:46:58.727721,SKU-DAI-660,Dairy,1,424.73,25.85,390.75,Credit Card
TXN-202401620,2026-02-24 15:17:56.727721,SKU-HOM-396,Home Decor,2,3561.27,0.0,2314.83,Credit Card
TXN-202401734,2026-02-24 15:25:07.727721,SKU-GRO-981,Grocery,1,903.89,0.0,813.5,JazzCash
TXN-202401750,2026-02-24 15:33:14.727721,SKU-APP-451,Apparel,1,1137.04,0.0,682.22,EasyPaisa
TXN-202401839,2026-02-24 15:44:17.727721,SKU-ELE-295,Electronics,1,107282.77,0.0,91190.35,EasyPaisa
TXN-202401646,2026-02-24 15:44:53.727721,SKU-APP-297,Apparel,5,5807.9,901.85,3484.74,EasyPaisa
TXN-202401186,2026-02-24 16:18:36.727721,SKU-HOM-467,Home Decor,1,20264.73,0.0,13172.07,Cash
TXN-202401655,2026-02-24 18:24:10.727721,SKU-HOM-529,Home Decor,1,5074.63,0.0,3298.51,JazzCash
TXN-202401258,2026-02-24 18:30:30.727721,SKU-APP-451,Apparel,1,3369.33,0.0,2021.6,Credit Card
TXN-202401315,2026-02-24 18:34:47.727721,SKU-GRO-950,Grocery,1,950.14,0.0,855.13,JazzCash
TXN-202401937,2026-02-24 19:14:44.727721,SKU-ELE-971,Electronics,2,30237.01,0.0,25701.46,EasyPaisa
TXN-202401606,2026-02-24 20:59:28.727721,SKU-APP-516,Apparel,1,7706.28,627.27,4623.77,EasyPaisa
TXN-202401099,2026-02-24 22:39:46.727721,SKU-ELE-545,Electronics,1,101653.55,0.0,86405.52,Cash
TXN-202401208,2026-02-25 05:30:24.727721,SKU-DAI-561,Dairy,1,298.16,0.0,274.31,Credit Card
TXN-202401711,2026-02-25 06:19:24.727721,SKU-APP-378,Apparel,1,5246.44,388.85,3147.86,Credit Card
TXN-202401144,2026-02-25 07:42:06.727721,SKU-APP-222,Apparel,3,7862.13,0.0,4717.28,Debit Card
TXN-202401300,2026-02-25 08:16:21.727721,SKU-APP-484,Apparel,3,4984.48,0.0,2990.69,Debit Card
TXN-202401458,2026-02-25 08:56:01.727721,SKU-GRO-960,Grocery,1,831.65,0.0,748.49,Debit Card
TXN-202401495,2026-02-25 09:03:00.727721,SKU-GRO-102,Grocery,1,1065.63,0.0,959.07,JazzCash
TXN-202401407,2026-02-25 09:18:14.727721,SKU-ELE-833,Electronics,1,127541.12,0.0,108409.95,Credit Card
TXN-202401795,2026-02-25 11:20:59.727721,SKU-APP-906,Apparel,1,7950.72,0.0,4770.43,Credit Card
TXN-202401111,2026-02-25 12:22:28.727721,SKU-ELE-255,Electronics,1,56495.88,8864.51,48021.5,Credit Card
TXN-202401725,2026-02-25 13:03:29.727721,SKU-DAI-356,Dairy,1,176.51,0.0,162.39,JazzCash
TXN-202401835,2026-02-25 13:10:57.727721,SKU-APP-340,Apparel,3,5409.51,0.0,3245.71,Credit Card
TXN-202401790,2026-02-25 13:29:10.727721,SKU-GRO-174,Grocery,1,612.59,0.0,551.33,Cash
TXN-202401698,2026-02-25 13:44:06.727721,SKU-DAI-629,Dairy,2,445.56,0.0,409.92,EasyPaisa
TXN-202401701,2026-02-25 13:48:21.727721,SKU-DAI-290,Dairy,3,323.42,0.0,297.55,JazzCash
TXN-202401899,2026-02-25 15:10:33.727721,SKU-APP-471,Apparel,1,2942.61,0.0,1765.57,JazzCash
TXN-202401605,2026-02-25 15:10:39.727721,SKU-HOM-888,Home Decor,1,2647.65,0.0,1720.97,EasyPaisa
TXN-202401521,2026-02-25 15:31:46.727721,SKU-APP-785,Apparel,1,3039.41,0.0,1823.65,Cash
TXN-202401020,2026-02-25 15:54:49.727721,SKU-HOM-404,Home Decor,1,9273.05,0.0,6027.48,Credit Card
TXN-202401234,2026-02-25 15:59:17.727721,SKU-APP-312,Apparel,1,4817.4,0.0,2890.44,Cash
TXN-202401194,2026-02-25 16:18:23.727721,SKU-APP-433,Apparel,1,6944.82,0.0,4166.89,EasyPaisa
TXN-202401879,2026-02-25 16:24:32.727721,SKU-HOM-598,Home Decor,1,11439.89,0.0,7435.93,Cash
TXN-202401612,2026-02-25 18:14:51.727721,SKU-GRO-746,Grocery,1,1380.01,0.0,1242.01,Credit Card
TXN-202401771,2026-02-26 05:13:13.727721,SKU-ELE-921,Electronics,3,86668.62,0.0,73668.33,Credit Card
TXN-202401450,2026-02-26 06:20:38.727721,SKU-ELE-907,Electronics,1,16312.57,0.0,13865.68,JazzCash
TXN-202401840,2026-02-26 07:43:28.727721,SKU-DAI-940,Dairy,1,187.8,0.0,172.78,Credit Card
TXN-202401066,2026-02-26 07:53:54.727721,SKU-DAI-177,Dairy,1,417.15,43.01,383.78,Credit Card
TXN-202401939,2026-02-26 08:00:32.727721,SKU-GRO-953,Grocery,1,852.88,0.0,767.59,JazzCash
TXN-202401573,2026-02-26 08:12:24.727721,SKU-APP-816,Apparel,1,7509.06,0.0,4505.44,Credit Card
TXN-202401667,2026-02-26 08:29:48.727721,SKU-GRO-495,Grocery,3,950.9,87.46,855.81,EasyPaisa
TXN-202401591,2026-02-26 09:34:25.727721,SKU-HOM-788,Home Decor,1,12341.01,0.0,8021.66,Credit Card
TXN-202401055,2026-02-26 09:49:05.727721,SKU-DAI-699,Dairy,2,168.44,16.45,154.96,Credit Card
TXN-202401808,2026-02-26 10:17:41.727721,SKU-GRO-103,Grocery,1,681.61,0.0,613.45,JazzCash
TXN-202401440,2026-02-26 12:16:09.727721,SKU-APP-170,Apparel,1,4737.55,605.62,2842.53,EasyPaisa
TXN-202401777,2026-02-26 12:54:55.727721,SKU-ELE-734,Electronics,1,47414.17,0.0,40302.04,Credit Card
TXN-202401913,2026-02-26 12:56:31.727721,SKU-ELE-879,Electronics,1,115778.43,0.0,98411.67,Credit Card
TXN-202401811,2026-02-26 13:09:26.727721,SKU-GRO-630,Grocery,1,1073.79,0.0,966.41,Cash
TXN-202401349,2026-02-26 13:10:36.727721,SKU-ELE-204,Electronics,1,56657.65,9355.53,48159.0,Debit Card
TXN-202401276,2026-02-26 13:32:06.727721,SKU-APP-188,Apparel,2,3403.01,436.7,2041.81,EasyPaisa
TXN-202401026,2026-02-26 13:36:59.727721,SKU-GRO-358,Grocery,1,1124.94,0.0,1012.45,Debit Card
TXN-202401237,2026-02-26 14:03:46.727721,SKU-DAI-136,Dairy,1,191.16,0.0,175.87,JazzCash
TXN-202401434,2026-02-26 14:04:39.727721,SKU-DAI-541,Dairy,2,423.96,74.67,390.04,JazzCash
TXN-202401359,2026-02-26 14:10:53.727721,SKU-ELE-713,Electronics,1,104524.45,0.0,88845.78,EasyPaisa
TXN-202401857,2026-02-26 14:59:22.727721,SKU-HOM-346,Home Decor,1,7462.77,0.0,4850.8,Credit Card
TXN-202401724,2026-02-26 15:06:12.727721,SKU-APP-576,Apparel,4,6957.71,599.25,4174.63,JazzCash
TXN-202401122,2026-02-26 15:06:36.727721,SKU-APP-603,Apparel,1,2361.61,0.0,1416.97,Credit Card
TXN-202401705,2026-02-26 15:14:53.727721,SKU-HOM-209,Home Decor,1,18549.99,0.0,12057.49,JazzCash
TXN-202401069,2026-02-26 15:16:04.727721,SKU-GRO-892,Grocery,3,63.66,0.0,57.29,Credit Card
TXN-202401761,2026-02-26 15:17:18.727721,SKU-APP-325,Apparel,1,7715.83,0.0,4629.5,Debit Card
TXN-202401413,2026-02-26 15:42:23.727721,SKU-ELE-955,Electronics,1,132169.26,0.0,112343.87,EasyPaisa
TXN-202401553,2026-02-26 15:44:11.727721,SKU-APP-787,Apparel,3,3372.88,0.0,2023.73,EasyPaisa
TXN-202401830,2026-02-26 15:49:09.727721,SKU-GRO-576,Grocery,1,996.13,0.0,896.52,Cash
TXN-202401929,2026-02-26 16:04:41.727721,SKU-HOM-491,Home Decor,1,13280.26,0.0,8632.17,Credit Card
TXN-202401963,2026-02-26 16:18:41.727721,SKU-APP-351,Apparel,1,6477.14,0.0,3886.28,Cash
TXN-202401894,2026-02-26 16:24:41.727721,SKU-GRO-256,Grocery,5,944.29,0.0,849.86,Cash
TXN-202401560,2026-02-26 16:37:09.727721,SKU-ELE-503,Electronics,3,54699.89,0.0,46494.91,JazzCash
TXN-202401157,2026-02-26 16:44:50.727721,SKU-DAI-620,Dairy,1,277.43,0.0,255.24,Credit Card
TXN-202401009,2026-02-26 17:11:13.727721,SKU-ELE-753,Electronics,1,119553.25,0.0,101620.26,Credit Card
TXN-202401590,2026-02-26 17:15:17.727721,SKU-DAI-159,Dairy,1,214.45,33.11,197.29,Credit Card
TXN-202401683,2026-02-26 17:59:25.727721,SKU-APP-304,Apparel,1,7118.36,0.0,4271.02,JazzCash
TXN-202401039,2026-02-26 18:27:03.727721,SKU-DAI-160,Dairy,1,221.22,0.0,203.52,JazzCash
TXN-202401091,2026-02-27 07:35:59.727721,SKU-ELE-728,Electronics,1,115034.75,0.0,97779.54,Debit Card
TXN-202401892,2026-02-27 08:20:42.727721,SKU-ELE-755,Electronics,2,147365.05,0.0,125260.29,JazzCash
TXN-202401294,2026-02-27 08:27:43.727721,SKU-HOM-680,Home Decor,1,3666.01,0.0,2382.91,JazzCash
TXN-202401805,2026-02-27 09:39:27.727721,SKU-ELE-386,Electronics,1,68149.77,0.0,57927.3,Debit Card
TXN-202401360,2026-02-27 10:18:02.727721,SKU-DAI-158,Dairy,2,280.79,0.0,258.33,EasyPaisa
TXN-202401767,2026-02-27 10:54:31.727721,SKU-ELE-335,Electronics,1,81675.61,0.0,69424.27,Cash
TXN-202401730,2026-02-27 11:14:24.727721,SKU-ELE-867,Electronics,1,89877.2,0.0,76395.62,Cash
TXN-202401502,2026-02-27 11:20:32.727721,SKU-GRO-241,Grocery,1,1185.56,0.0,1067.0,Debit Card
TXN-202401337,2026-02-27 11:29:17.727721,SKU-ELE-740,Electronics,1,77717.68,0.0,66060.03,Credit Card
TXN-202401159,2026-02-27 11:38:28.727721,SKU-DAI-730,Dairy,1,319.41,0.0,293.86,EasyPaisa
TXN-202401174,2026-02-27 11:56:04.727721,SKU-APP-704,Apparel,1,7927.22,0.0,4756.33,Debit Card
TXN-202401770,2026-02-27 12:43:42.727721,SKU-ELE-482,Electronics,1,63999.99,0.0,54399.99,Debit Card
TXN-202401263,2026-02-27 13:11:38.727721,SKU-HOM-656,Home Decor,1,2807.14,0.0,1824.64,JazzCash
TXN-202401311,2026-02-27 13:39:13.727721,SKU-ELE-971,Electronics,1,142114.45,0.0,120797.28,Credit Card
TXN-202401332,2026-02-27 13:39:46.727721,SKU-APP-397,Apparel,4,3703.78,0.0,2222.27,JazzCash
TXN-202401966,2026-02-27 13:51:51.727721,SKU-APP-727,Apparel,1,2664.29,0.0,1598.57,Debit Card
TXN-202401548,2026-02-27 13:55:13.727721,SKU-DAI-156,Dairy,1,232.3,0.0,213.72,Debit Card
TXN-202401973,2026-02-27 14:09:50.727721,SKU-DAI-245,Dairy,1,443.81,0.0,408.31,Debit Card
TXN-202401511,2026-02-27 14:16:45.727721,SKU-DAI-989,Dairy,2,476.94,0.0,438.78,Credit Card
TXN-202401282,2026-02-27 14:24:14.727721,SKU-ELE-542,Electronics,3,100699.17,0.0,85594.29,Cash
TXN-202401401,2026-02-27 14:24:17.727721,SKU-GRO-986,Grocery,1,1476.63,0.0,1328.97,Credit Card
TXN-202401564,2026-02-27 14:31:41.727721,SKU-DAI-149,Dairy,2,490.83,0.0,451.56,JazzCash
TXN-202401373,2026-02-27 14:38:19.727721,SKU-HOM-458,Home Decor,1,13886.2,0.0,9026.03,Cash
TXN-202401279,2026-02-27 14:42:43.727721,SKU-HOM-402,Home Decor,1,18359.81,0.0,11933.88,Cash
TXN-202401519,2026-02-27 15:14:18.727721,SKU-APP-364,Apparel,1,6091.45,0.0,3654.87,EasyPaisa
TXN-202401041,2026-02-27 15:19:38.727721,SKU-DAI-381,Dairy,2,325.08,0.0,299.07,JazzCash
TXN-202401012,2026-02-27 15:35:39.727721,SKU-HOM-784,Home Decor,1,14754.18,0.0,9590.22,Debit Card
TXN-202401981,2026-02-27 15:41:37.727721,SKU-GRO-331,Grocery,3,291.5,40.41,262.35,Cash
TXN-202401965,2026-02-27 16:01:02.727721,SKU-GRO-540,Grocery,4,138.73,0.0,124.86,Credit Card
TXN-202401486,2026-02-27 16:45:49.727721,SKU-APP-311,Apparel,1,4318.48,0.0,2591.09,JazzCash
TXN-202401916,2026-02-27 16:53:09.727721,SKU-HOM-655,Home Decor,1,12389.66,0.0,8053.28,Debit Card
TXN-202401641,2026-02-27 16:55:03.727721,SKU-GRO-119,Grocery,2,759.67,0.0,683.7,JazzCash
TXN-202401900,2026-02-27 18:10:04.727721,SKU-APP-295,Apparel,1,5904.56,0.0,3542.74,JazzCash
TXN-202401426,2026-02-27 18:11:30.727721,SKU-GRO-273,Grocery,2,300.69,0.0,270.62,Debit Card
