LaborHours,InventoryCost,FootTraffic,SalesAmount,Month,DayOfWeek,Hour,Predicted_SalesAmount,Prediction_Error
7,296,65,580.0218308,1,3,0,583.7730637499994,-3.751232949999462
4,155,49,378.9754444,1,3,1,385.83901544499963,-6.863571044999617
5,100,107,747.8933779,1,3,2,759.4015377460001,-11.508159846000126
7,130,49,412.5606037,1,3,3,417.8455442670005,-5.28494056700049
3,182,100,704.8205567,1,3,4,697.933504469999,6.887052230001018
5,334,42,434.5720195,1,3,5,429.2889013050002,5.283118194999815
5,437,15,270.2584889,1,3,6,276.8159924459996,-6.557503545999623
7,187,156,1070.686141,1,3,7,1074.4911807150006,-3.805039715000703
2,233,89,662.7659806,1,3,8,644.5660984900007,18.199882109999294
3,450,177,1240.414201,1,3,9,1236.8470904600026,3.5671105399974294
7,379,101,801.2693871,1,3,10,806.0045775419994,-4.735190441999407
3,322,106,766.4848109,1,3,11,754.5928522560005,11.891958643999487
3,389,68,539.3821774,1,3,12,550.4004824820005,-11.018305082000438
5,118,68,516.3844926,1,3,13,514.2386053910002,2.145887208999852
4,83,57,451.8488492,1,3,14,445.84745116700054,6.001398032999475
3,311,178,1205.46988,1,3,15,1211.4381197700006,-5.968239770000537
6,102,22,323.5090033,1,3,16,254.75079429400003,68.75820900599999
5,499,116,933.340787,1,3,17,928.0731732459992,5.267613754000763
2,254,54,437.0986334,1,3,18,434.0093071649998,3.089326235000158
4,175,98,673.2509361,1,3,19,678.9343498839996,-5.68341378399964
6,284,190,1308.043997,1,3,20,1311.3659073300003,-3.3219103300002644
6,92,179,1168.229585,1,3,21,1183.391756120001,-15.162171120000949
2,289,109,705.7306431,1,3,22,725.6814674110012,-19.95082431100127
4,420,164,1199.227867,1,3,23,1195.9632207899986,3.2646462100015015
5,160,175,1157.656483,1,4,0,1156.9495911639992,0.7068918360007501
1,298,197,1263.587998,1,4,1,1290.3796307100008,-26.79163271000084
4,200,16,222.317101,1,4,2,214.66184362200016,7.655257377999845
2,232,142,966.9749866,1,4,3,969.8367594660007,-2.861772866000706
6,385,54,519.876755,1,4,4,515.0730123239998,4.803742676000184
5,144,67,520.12195,1,4,5,519.1364440740003,0.9855059259996324
4,423,40,449.2856222,1,4,6,445.62505638599964,3.6605658140003356
1,449,32,330.8941922,1,4,7,337.3482673320003,-6.454075132000298
1,57,179,1115.170012,1,4,8,1136.1829199000008,-21.012907900000755
3,437,147,1008.322661,1,4,9,1068.7636304510002,-60.440969451000115
3,409,169,1144.46043,1,4,10,1156.0611963100012,-11.600766310001063
7,437,116,950.2661933,1,4,11,946.5322697930008,3.7339235069993038
2,233,190,1201.093241,1,4,12,1214.7274063599984,-13.634165359998406
4,330,167,1168.024126,1,4,13,1167.1004130900003,0.9237129099997219
4,244,48,416.7900365,1,4,14,418.8580197850003,-2.0679832850003095
7,401,168,1222.365982,1,4,15,1219.029572830001,3.336409169999115
6,244,91,684.3461169,1,4,16,683.2378303990001,1.1082865009998386
6,204,109,832.4802005,1,4,17,828.2623800939997,4.217820406000328
7,142,11,265.4967346,1,4,18,245.04809685389998,20.448637746100047
6,209,86,677.7057649,1,4,19,677.9976935919997,-0.29192869199971483
3,483,21,325.5747215,1,4,20,328.5942287900002,-3.019507290000206
4,110,48,360.5300811,1,4,21,371.2861383050003,-10.756057205000275
7,171,22,252.417083,1,4,22,267.1783369130002,-14.76125391300019
4,100,55,418.8078329,1,4,23,424.45110019499947,-5.643267294999475
1,452,164,1105.387511,1,5,0,1167.8646938599998,-62.47718285999986
3,326,122,821.6216962,1,5,1,842.0605669570017,-20.438870757001723
5,54,26,271.3033744,1,5,2,259.36811313999993,11.935261260000061
3,141,113,790.8650036,1,5,3,760.3994084480007,30.46559515199931
7,219,107,786.9348368,1,5,4,797.8954367840004,-10.960599984000396
5,366,197,1374.11893,1,5,5,1371.024904719998,3.0940252800021426
1,71,97,648.358568,1,5,6,640.8946911830006,7.4638768169993455
7,454,118,955.3508006,1,5,7,952.197541925001,3.1532586749989377
2,375,172,1138.705361,1,5,8,1149.6737867000004,-10.968425700000353
4,50,79,542.0131976,1,5,9,579.0125292929995,-36.999331692999476
1,182,167,1111.404283,1,5,10,1113.321138859999,-1.916855859999032
4,282,83,650.0107993,1,5,11,652.1229041659992,-2.1121048659991857
6,61,72,556.4739631,1,5,12,551.4213447329998,5.05261836700015
2,395,165,1148.748877,1,5,13,1150.112558330001,-1.3636813300011
2,95,69,446.8346593,1,5,14,457.0629569740003,-10.228297674000316
1,83,88,549.2746434,1,5,15,569.4207608720002,-20.146117472000242
2,482,46,460.7659547,1,5,16,461.7163795550003,-0.9504248550002785
5,127,31,323.6061534,1,5,17,307.94737530300006,15.658778096999924
2,267,157,1085.097149,1,5,18,1078.4064080049993,6.690740995000624
4,350,105,769.2568337,1,5,19,789.1550284669996,-19.89819476699961
4,460,77,672.993616,1,5,20,641.5323743589997,31.461241641000242
7,122,26,333.2113234,1,5,21,282.4432635170001,50.76805988299992
4,331,21,255.6875469,1,5,22,262.58758475600024,-6.900037856000239
7,298,159,1193.002414,1,5,23,1165.1452279630007,27.857186036999337
4,96,154,1061.968225,1,6,0,1045.4588564200005,16.509368579999546
5,170,147,1086.75259,1,6,1,1035.1033450690009,51.6492449309992
7,263,127,952.8280032,1,6,2,939.4347061890006,13.39329701099939
3,288,31,324.4927403,1,6,3,321.0491890270001,3.443551272999855
6,105,129,920.3098317,1,6,4,904.3106658819991,15.99916581800096
1,399,59,512.6340802,1,6,5,512.2848516849997,0.3492285150002772
4,156,23,278.5910058,1,6,6,259.89685655990036,18.694149240099648
2,368,184,1267.920995,1,6,7,1269.5589926399982,-1.6379976399982752
4,97,38,313.9181427,1,6,8,321.9189046140002,-8.000761914000236
2,110,173,1137.659914,1,6,9,1117.4413121299997,20.218601870000384
6,386,189,1307.662376,1,6,10,1313.5058001099983,-5.8434241099982955
6,75,134,916.6755701,1,6,11,914.2784518189984,2.3971182810015534
6,341,16,335.2120685,1,6,12,280.194289339,55.017779160999964
2,306,38,312.2926051,1,6,13,336.936935304,-24.64433020399997
4,57,148,944.7757303,1,6,14,968.3051865650002,-23.52945626500025
6,162,42,410.7524187,1,6,15,402.7888449570004,7.9635737429996425
5,404,143,1066.017359,1,6,16,1057.9700699880007,8.047289011999283
7,302,120,889.3492378,1,6,17,881.525442382,7.823795417999918
2,229,88,614.2141799,1,6,18,613.9660268230003,0.2481530769996425
2,256,169,1085.376538,1,6,19,1110.0305524999985,-24.65401449999854
4,352,188,1323.01455,1,6,20,1312.5472058400026,10.467344159997538
2,176,67,477.1235593,1,6,21,480.20305482100014,-3.0794955210001262
2,105,35,325.2646773,1,6,22,314.2355532500004,11.02912404999961
6,263,183,1269.333007,1,6,23,1265.3883500999984,3.944656900001519
4,63,38,300.3077909,1,0,0,311.31623099200016,-11.008440092000171
6,77,13,181.5953472,1,0,1,187.975417149,-6.380069949000017
7,127,108,783.7740049,1,0,2,786.6429160879993,-2.868911187999288
7,265,150,1087.824633,1,0,3,1089.2929617839989,-1.4683287839989134
6,435,48,583.8722273,1,0,4,551.3605213850005,32.511705914999425
7,414,24,363.0342099,1,0,5,354.8209209150002,8.213288984999792
4,203,128,879.7093962,1,0,6,883.5024998260011,-3.793103626001084
1,63,38,263.8678154,1,0,7,283.07863200100036,-19.210816601000374
6,236,166,1189.508235,1,0,8,1176.0691516100005,13.439083389999496
5,361,84,644.6704632,1,0,9,667.1492045319987,-22.478741331998776
5,420,125,964.6527821,1,0,10,953.1987931510006,11.453988948999381
2,56,41,268.2772447,1,0,11,353.460641442,-85.18339674200001
7,52,139,971.1981807,1,0,12,954.6101127819991,16.58806791800089
5,160,184,1212.187202,1,0,13,1232.9124430199997,-20.725241019999658
2,456,93,655.6769298,1,0,14,737.5697813759999,-81.89285157599988
1,287,31,298.1873281,1,0,15,299.4111459280004,-1.2238178280003922
4,412,36,410.4343431,1,0,16,410.8580181140006,-0.4236750140005938
4,288,90,669.0275907,1,0,17,674.9235306960006,-5.895939996000607
4,323,135,947.7496842,1,0,18,965.3156675649998,-17.565983364999738
5,343,193,1296.558818,1,0,19,1304.9867584700016,-8.427940470001658
1,276,101,726.9929982,1,0,20,707.8310090220011,19.161989177998862
5,420,30,407.4664735,1,0,21,350.6040680149999,56.862405485000124
7,64,56,433.8284734,1,0,22,491.372452567,-57.543979166999975
5,241,110,791.1019662,1,0,23,796.1883355790014,-5.0863693790014395
1,168,196,1239.501326,1,1,0,1252.5922909200008,-13.090964920000715
1,77,93,664.2259584,1,1,1,651.6716897379994,12.554268662000595
7,251,15,286.6536524,1,1,2,276.3517780720001,10.301874327999883
1,88,156,949.0975345,1,1,3,968.967775412,-19.870240911999986
1,490,194,1335.113409,1,1,4,1315.8105325799988,19.302876420001212
4,322,140,955.2992538,1,1,5,963.3812308180002,-8.081977018000202
7,280,10,270.5397093,1,1,6,276.2814077559996,-5.741698455999597
3,135,67,537.7664218,1,1,7,474.3982046130002,63.3682171869998
3,175,133,945.8937506,1,1,8,929.5279033049989,16.365847295001117
1,349,175,1191.746805,1,1,9,1174.5236207200005,17.223184279999487
3,74,24,193.6976293,1,1,10,214.7831215460002,-21.0854922460002
3,194,171,1090.172947,1,1,11,1101.9146824499992,-11.741735449999169
1,62,198,1179.593849,1,1,12,1206.5510305599992,-26.95718155999907
3,261,172,1071.113487,1,1,13,1128.3434077699987,-57.22992076999867
5,74,73,556.0156729,1,1,14,550.1498150040004,5.865857895999625
2,117,34,266.0149344,1,1,15,278.5250660109996,-12.510131610999565
7,443,33,463.176485,1,1,16,412.22495284999997,50.95153215000005
2,116,21,233.6409446,1,1,17,227.62031862199987,6.02062597800014
1,282,27,264.5971663,1,1,18,269.0067582030005,-4.409591903000489
4,158,24,255.7788483,1,1,19,263.0484022720002,-7.26955397200021
7,195,36,365.5703897,1,1,20,343.2007643700001,22.369625329999906
1,160,81,538.6174675,1,1,21,546.352102065,-7.7346345650000785
4,277,69,578.9540974,1,1,22,586.1663813779996,-7.212283977999618
2,160,183,1170.768749,1,1,23,1188.1184594199995,-17.349710419999383
1,83,154,954.32977,1,2,0,969.435838598999,-15.106068598998945
7,160,102,764.4504942,1,2,1,751.43842078,13.012073419999979
7,313,62,597.4899059,1,2,2,588.8366025720006,8.653303327999424
6,473,17,313.1201533,1,2,3,313.5945026019997,-0.4743493019996663
5,418,88,726.4041445,1,2,4,725.2778243209993,1.126320179000686
3,285,36,353.8583351,1,2,5,342.1020875850003,11.7562475149997
4,132,183,1232.406657,1,2,6,1201.1550927,31.251564299999927
6,91,59,464.1210967,1,2,7,475.45560943600043,-11.33451273600042
3,474,140,1005.665298,1,2,8,1011.348808259002,-5.6835102590019915
3,150,102,687.4691717,1,2,9,698.9452953100005,-11.476123610000514
1,55,181,1149.091723,1,2,10,1147.889272010001,1.202450989999079
3,229,190,1314.699159,1,2,11,1212.6842520199987,102.01490698000134
5,331,33,332.8872656,1,2,12,345.10184893699966,-12.21458333699968
7,369,69,596.8409515,1,2,13,604.5225402050005,-7.681588705000536
6,275,131,953.4360964,1,2,14,952.572773507999,0.8633228920009515
3,492,140,1035.928683,1,2,15,1022.6064903070015,13.322192692998556
1,489,157,1127.309087,1,2,16,1120.0347869900004,7.274300009999706
5,364,55,487.4660097,1,2,17,485.8700864740006,1.5959232259993996
2,414,24,266.3067289,1,2,18,284.11236747399954,-17.805638573999545
7,278,162,1164.542615,1,2,19,1171.24962825,-6.707013249999818
7,426,26,381.0479784,1,2,20,373.82079296600045,7.227185433999523
6,338,135,1029.20163,1,2,21,1011.0126870979994,18.188942902000576
7,486,93,823.4207941,1,2,22,804.7852645130005,18.635529586999496
3,199,18,229.3613804,1,2,23,221.84226096600017,7.519119433999833
1,326,175,1159.66556,1,3,0,1170.945975529999,-11.280415529999118
7,247,185,1359.767408,1,3,1,1336.5460765399996,23.22133146000033
7,119,197,1297.567561,1,3,2,1292.5817372500017,4.985823749998417
2,161,72,528.624295,1,3,3,527.7882243170005,0.8360706829994342
2,53,126,763.8093004,1,3,4,792.6453514579989,-28.83605105799893
4,399,139,981.4959697,1,3,5,983.5440739550008,-2.048104255000794
5,380,97,752.779632,1,3,6,762.417821626,-9.638189625999985
3,495,81,728.3797001,1,3,7,692.6113843029993,35.768315797000696
7,367,148,1111.016833,1,3,8,1099.1545319200006,11.86230107999927
7,399,73,644.9856579,1,3,9,603.6376579109999,41.34799998900007
1,144,81,555.4330898,1,3,10,550.1782494909993,5.254840309000656
4,201,30,301.3544364,1,3,11,292.2512878100001,9.103148589999876
5,360,27,330.2407989,1,3,12,320.6901737639997,9.550625136000292
4,186,73,511.9011343,1,3,13,525.5116874180004,-13.610553118000382
6,296,91,767.9562745,1,3,14,703.2872838670003,64.66899063299968
5,436,119,926.0945439,1,3,15,925.0086824100006,1.0858614899993881
7,292,104,881.8121512,1,3,16,854.4922570600013,27.319894139998723
7,80,175,1207.209649,1,3,17,1196.8604893099987,10.349159690001215
5,89,41,364.2395917,1,3,18,366.8794611650001,-2.6398694650001175
7,278,20,295.3438701,1,3,19,299.01727314700025,-3.6734030470002494
3,85,54,361.6396331,1,3,20,376.1316533469999,-14.492020246999857
5,457,42,457.5680705,1,3,21,449.4596948869998,8.108375613000192
4,272,111,773.8712222,1,3,22,781.8803760660013,-8.00915386600127
5,55,178,1179.005711,1,3,23,1178.156375730001,0.8493352699990737
7,371,145,1135.279575,1,4,0,1068.806481517999,66.4730934820011
3,269,20,237.872632,1,4,1,237.81918075499982,0.05345124500018983
3,124,188,1238.534729,1,4,2,1231.4749493099996,7.059779690000369
6,53,97,667.2231279,1,4,3,671.204889138999,-3.9817612389989563
4,384,50,466.1259949,1,4,4,465.78971668300045,0.33627821699957394
2,183,154,984.4510805,1,4,5,998.055248243001,-13.604167743000971
2,167,85,526.1060089,1,4,6,563.2505077870001,-37.144498887000054
5,418,130,979.3039995,1,4,7,975.1420517140001,4.161947785999928
6,143,55,466.7535521,1,4,8,464.87973144200026,1.8738206579997154
1,484,169,1206.17583,1,4,9,1202.5641778399981,3.6116521600017677
5,111,89,666.1631476,1,4,10,663.9690892079992,2.194058392000784
6,490,63,639.268587,1,4,11,626.9877780989995,12.280808901000569
4,243,95,673.6789133,1,4,12,687.4645589789994,-13.785645678999458
4,384,101,794.9849192,1,4,13,784.360236317,10.624682882999991
4,252,157,1125.077819,1,4,14,1084.4262029950003,40.65161600499982
4,441,170,1223.696036,1,4,15,1213.8614837199984,9.834552280001617
4,75,177,1199.357808,1,4,16,1188.1629023600003,11.19490563999966
6,484,169,1309.768983,1,4,17,1274.3186022200011,35.450380779998795
6,222,106,784.5459519,1,4,18,820.9917208209997,-36.44576892099974
3,349,11,194.7918076,1,4,19,211.33525814899994,-16.543450548999942
2,182,42,313.756135,1,4,20,372.04962855299993,-58.29349355299996
7,375,167,1174.015925,1,4,21,1186.31482842,-12.298903419999988
4,459,170,1202.147913,1,4,22,1204.8885467299979,-2.740633729997853
1,167,86,617.3299635,1,4,23,597.1086465709999,20.221316929000068
7,373,125,900.7788727,1,5,0,918.2685045230005,-17.489631823000536
6,324,163,1134.076398,1,5,1,1174.9836464700002,-40.90724847000024
1,261,159,1043.486057,1,5,2,1054.765027498001,-11.278970498000945
1,274,112,742.884444,1,5,3,747.1764251190004,-4.291981119000411
1,69,175,1069.881422,1,5,4,1087.9262157700014,-18.044793770001434
3,162,112,750.2301098,1,5,5,757.6869036260009,-7.456793826000876
6,189,99,732.9737934,1,5,6,714.3541333229997,18.619660077000276
1,96,183,1119.916359,1,5,7,1148.824931499999,-28.908572499998854
4,50,131,836.6636036,1,5,8,852.8047049209989,-16.141101320998928
5,139,152,1056.729292,1,5,9,1018.4565468689996,38.27274513100042
1,191,115,793.7896253,1,5,10,824.1826307310006,-30.393005431000574
3,369,128,882.2836996,1,5,11,903.1466605479991,-20.862960947999113
7,87,181,1134.312078,1,5,12,1188.6647417799998,-54.35266377999983
6,342,58,572.5012455,1,5,13,564.5415084490006,7.959737050999365
3,431,113,815.4359874,1,5,14,806.5264183479993,8.909569052000734
1,188,70,497.7823452,1,5,15,493.5992353490006,4.183109850999415
6,405,132,956.5298438,1,5,16,964.8023753070012,-8.27253150700119
5,382,143,1086.53265,1,5,17,1063.654717013999,22.877932986001042
1,308,18,291.7100369,1,5,18,262.167920536,29.54211636399998
3,210,15,203.4842073,1,5,19,209.64737423,-6.1631669299999885
2,439,82,650.8769205,1,5,20,653.1755781939994,-2.2986576939994166
4,227,112,790.4358127,1,5,21,787.085136475001,3.350676224999006
7,59,169,1160.153979,1,5,22,1161.839062029999,-1.6850830299990776
3,310,50,455.0306025,1,5,23,418.54245383500034,36.48814866499964
6,456,123,994.9049536,1,6,0,974.1352297839995,20.769723816000464
1,187,17,154.2625043,1,6,1,160.56801030620008,-6.3055060062000905
4,221,81,622.5035312,1,6,2,628.2680810439992,-5.764549843999248
1,435,187,1251.225958,1,6,3,1274.9605600699988,-23.7346020699988
6,62,101,682.8685306,1,6,4,688.2724505319992,-5.403919931999212
1,217,71,504.8695374,1,6,5,519.6531610680008,-14.783623668000814
2,179,93,614.0246181,1,6,6,630.6614609159988,-16.63684281599876
4,133,71,561.1118099,1,6,7,537.7071660370005,23.404643862999478
4,370,120,865.1423887,1,6,8,874.8875769899995,-9.745188289999533
6,368,136,1027.306378,1,6,9,1017.0444422979994,10.261935702000642
7,150,16,227.897331,1,6,10,206.74429394240008,21.15303705759993
2,378,93,709.7118825,1,6,11,720.2451445240004,-10.53326202400035
3,322,141,971.8801028,1,6,12,970.0560828690006,1.824019930999384
1,314,143,929.4836618,1,6,13,953.8459361179989,-24.362274317998867
5,448,67,625.9131822,1,6,14,612.6426575309998,13.270524669000224
1,457,31,331.0375313,1,6,15,336.1949555,-5.15742419999998
1,87,163,1027.679548,1,6,16,1095.1473896079995,-67.46784160799939
3,468,136,988.5347119,1,6,17,994.0542861150014,-5.519574215001398
1,143,12,90.06190459,1,6,18,110.9075496232001,-20.8456450332001
2,144,136,921.6953579,1,6,19,923.2596247449984,-1.5642668449984285
2,354,50,458.3027327,1,6,20,449.8667947420007,8.435937957999272
4,118,197,1260.391171,1,6,21,1264.8475451199997,-4.456374119999737
6,367,115,892.1933764,1,6,22,888.2046322309999,3.9887441690001424
7,493,23,422.1605845,1,6,23,410.0797527790003,12.080831720999754
5,285,21,272.7888499,1,0,0,273.9909823770002,-1.202132477000191
1,483,96,726.8434648,1,0,1,737.2044437719987,-10.360978971998748
1,383,21,263.208975,1,0,2,275.15547097400014,-11.946495974000129
3,422,150,1057.827268,1,0,3,1050.5056232199986,7.321644780001407
6,425,34,447.2127599,1,0,4,417.2161912259997,29.996568674000287
2,186,54,404.7329766,1,0,5,401.07604993199965,3.656926668000324
5,467,131,977.5789238,1,0,6,984.328405657,-6.749481856999978
4,125,156,1051.759165,1,0,7,1045.0156772579996,6.743487742000298
2,84,64,404.9360805,1,0,8,460.18727129800044,-55.25119079800044
6,50,109,819.4463568,1,0,9,806.4647362440006,12.98162055599937
7,345,182,1347.974891,1,0,10,1251.1835805199999,96.79131048000022
4,369,145,1056.104864,1,0,11,1055.4780855139984,0.6267784860015126
7,455,128,1022.379931,1,0,12,1006.6882956290013,15.69163537099871
3,109,62,461.1732425,1,0,13,458.63312760800045,2.540114891999565
3,369,192,1293.027156,1,0,14,1291.8682133799987,1.158942620001426
1,398,41,389.3192894,1,0,15,399.67524928299986,-10.355959882999855
7,377,60,550.4060217,1,0,16,557.4446152100004,-7.038593510000396
6,316,53,517.9145526,1,0,17,500.0434661159998,17.87108648400016
5,410,91,770.0354083,1,0,18,754.3447387369991,15.690669563000824
4,278,155,1062.057417,1,0,19,1067.096654847001,-5.039237847001004
2,319,159,1061.846946,1,0,20,1073.0037183900008,-11.156772390000924
6,365,46,439.1256893,1,0,21,467.99893931800017,-28.873250018000192
6,335,105,864.238657,1,0,22,859.727512893,4.51114410699995
3,340,65,521.530079,1,0,23,529.34856477,-7.818485770000052
7,262,114,861.6378289,1,1,0,840.4732465709994,21.16458232900061
1,214,68,496.2046675,1,1,1,497.075144288,-0.8704767879999622
1,54,140,879.6662293,1,1,2,945.7543460489994,-66.08811674899937
4,388,165,1188.796803,1,1,3,1190.1963611400013,-1.399558140001318
3,428,44,426.0201024,1,1,4,432.74632433800014,-6.726221938000151
6,127,198,1281.939962,1,1,5,1279.895483660001,2.044478339998932
5,459,102,785.2900407,1,1,6,834.7201239199998,-49.4300832199998
3,111,191,1206.922343,1,1,7,1212.649947159999,-5.727604159999146
4,181,106,721.7444858,1,1,8,736.1172030370004,-14.372717237000415
4,138,144,956.2914988,1,1,9,958.6273670029991,-2.3358682029991087
3,286,85,680.0273643,1,1,10,666.8387191429989,13.188645157001133
4,91,58,423.9816538,1,1,11,433.4394350310004,-9.45778123100041
3,138,103,693.0704742,1,1,12,702.5757250790004,-9.505250879000414
2,451,168,1172.808037,1,1,13,1167.4920545699988,5.315982430001213
3,345,195,1306.33125,1,1,14,1331.46397195,-25.132721950000132
7,377,198,1404.078263,1,1,15,1398.768066380001,5.310196619999033
3,344,33,362.4260767,1,1,16,360.8192694730005,1.6068072269995355
4,153,157,1074.442532,1,1,17,1069.2131230090004,5.229408990999673
7,63,46,429.996396,1,1,18,420.9854946310003,9.010901368999725
4,337,13,300.8055666,1,1,19,272.212525911,28.59304068900002
1,228,117,802.4807834,1,1,20,822.3936577760006,-19.912874376000673
1,174,135,944.234367,1,1,21,933.3336282389988,10.900738761001207
7,471,29,397.0055458,1,1,22,389.53478150899974,7.4707642910002505
2,402,197,1395.338547,1,1,23,1381.2146634800017,14.123883519998344
1,72,161,991.1887184,1,2,0,1009.5797295459988,-18.391011145998846
3,112,59,424.1394321,1,2,1,431.9913407579998,-7.851908657999786
4,192,186,1230.003824,1,2,2,1241.7959536899996,-11.792129689999683
1,202,188,1197.041379,1,2,3,1211.5249536900008,-14.48357469000075
1,194,105,705.7752119,1,2,4,707.6317154260005,-1.8565035260004379
2,274,114,778.7991599,1,2,5,774.5238959680007,4.275263931999234
7,499,173,1317.598865,1,2,6,1289.267877280001,28.33098771999903
7,358,126,951.814949,1,2,7,943.2043715060015,8.610577493998449
6,153,107,797.5683119,1,2,8,798.2466285060007,-0.6783166060006351
2,153,75,571.7317086,1,2,9,558.194533089999,13.53717551000102
3,484,88,707.4869289,1,2,10,715.3271279799993,-7.8401990799993655
7,88,171,1181.231503,1,2,11,1181.3504617100007,-0.11895871000069747
4,484,173,1259.974779,1,2,12,1244.3932162200006,15.58156277999933
2,247,15,261.6866065,1,2,13,247.2261263609998,14.460480139000168
1,183,48,342.7550831,1,2,14,352.40849148400014,-9.653408384000159
4,116,179,1192.652149,1,2,15,1177.82740082,14.824748179999915
4,440,124,887.2196672,1,2,16,905.1235507579995,-17.903883557999507
1,228,195,1238.524248,1,2,17,1237.3915710700005,1.132676929999434
2,91,134,871.9017851,1,2,18,904.6027957129996,-32.70101061299965
1,497,21,331.8947991,1,2,19,336.88958369399967,-4.994784593999668
6,64,140,912.4219991,1,2,20,950.3427138439995,-37.9207147439995
4,160,27,293.5827192,1,2,21,286.7495159549999,6.833203245000107
5,206,49,428.9032963,1,2,22,413.2759765779999,15.627319722000095
5,338,30,310.7541704,1,2,23,323.6318302419998,-12.877659841999787
3,280,152,1046.447605,1,3,0,1051.9900807719991,-5.542475771999079
7,460,108,942.274837,1,3,1,906.1990194810004,36.075817518999656
1,469,35,332.0873202,1,3,2,349.05950087000014,-16.972180670000114
1,206,17,175.5018685,1,3,3,187.53394371999985,-12.032075219999854
3,87,109,695.5008305,1,3,4,718.297585236,-22.796754736000025
3,490,96,753.942512,1,3,5,757.655421497,-3.712909497000055
3,146,51,437.7651043,1,3,6,419.1987322830002,18.56637201699982
4,460,181,1275.854266,1,3,7,1269.9503271399988,5.90393886000129
6,488,23,416.4469721,1,3,8,399.5115664869995,16.935405613000455
1,338,87,671.6716214,1,3,9,660.3170171549992,11.354604245000814
4,303,11,206.0178626,1,3,10,213.80273628900014,-7.784873689000136
3,245,128,871.4220162,1,3,11,905.1125396450005,-33.69052344500051
1,135,46,304.6200358,1,3,12,338.6546945080003,-34.034658708000336
4,371,78,611.3735642,1,3,13,612.1552430000006,-0.7816788000005772
6,59,175,1168.296222,1,3,14,1163.9984422900009,4.297779709999077
4,54,50,375.6064405,1,3,15,378.04037784300004,-2.433937343000025
6,172,71,548.891837,1,3,16,544.1298246210007,4.762012378999316
3,379,69,526.2371123,1,3,17,551.6883020860005,-25.45118978600044
6,402,134,1017.785363,1,3,18,983.5363320220005,34.249030977999496
1,167,120,771.0134346,1,3,19,810.2092509590008,-39.19581635900079
3,343,23,280.0410691,1,3,20,276.09542939099987,3.9456397090001474
1,446,93,715.9398549,1,3,21,724.2523605500013,-8.312505650001299
5,208,139,896.3459142,1,3,22,926.4355058730005,-30.089591673000427
2,352,79,563.6017619,1,3,23,576.9630080459997,-13.361246145999644
6,277,154,1165.993292,1,4,0,1125.2942986879996,40.69899331200054
2,414,132,931.0016848,1,4,1,937.3034661729994,-6.301781372999358
2,265,98,621.9770069,1,4,2,678.8800539519996,-56.90304705199958
6,485,37,414.0017946,1,4,3,447.5961647949994,-33.59437019499944
3,233,75,639.4340211,1,4,4,618.4465640820008,20.98745701799919
5,64,172,1105.110076,1,4,5,1124.5358070099992,-19.425731009999254
1,206,14,195.5704573,1,4,6,198.62860895500006,-3.0581516550000742
4,185,177,1181.13354,1,4,7,1182.7905922799991,-1.6570522799991068
1,310,193,1251.450989,1,4,8,1269.8487782300008,-18.397789230000853
4,206,173,1183.063364,1,4,9,1174.6356623800007,8.427701619999425
1,96,54,296.2692997,1,4,10,321.3710608130004,-25.101761113000407
6,373,160,1118.666021,1,4,11,1132.0737060299987,-13.407685029998675
5,381,56,510.5294696,1,4,12,519.9531255969991,-9.423655996999116
4,222,40,326.3128681,1,4,13,336.5669572100006,-10.25408911000062
7,179,148,1029.276666,1,4,14,1034.8807415810008,-5.60407558100087
3,460,19,322.6113914,1,4,15,318.1938416280004,4.417549771999575
1,144,127,824.1641016,1,4,16,847.9191956990007,-23.755094099000758
1,164,23,242.1185111,1,4,17,243.86432925789995,-1.7458181578999472
4,292,89,687.4612585,1,4,18,674.7824587140001,12.6787997859999
3,469,102,827.4738249,1,4,19,810.4679430729989,17.005881827001076
3,341,19,259.377891,1,4,20,260.5063377210001,-1.1284467210001026
6,331,85,681.5917355,1,4,21,695.2520501979993,-13.660314697999297
7,348,103,871.8170417,1,4,22,858.6399873229986,13.177054377001355
6,332,114,852.3194914,1,4,23,847.2317481480001,5.087743251999882
6,118,10,195.7153447,1,5,0,191.50595874479987,4.209385955200133
6,197,142,1024.166921,1,5,1,1000.529280171999,23.637640828001054
6,60,29,307.2447811,1,5,2,299.64838396499965,7.596397135000359
6,303,17,247.9367199,1,5,3,249.76194692100023,-1.8252270210002166
5,379,180,1300.258512,1,5,4,1234.6961619200015,65.56235007999862
3,409,10,198.3313426,1,5,5,216.98553773199984,-18.654195131999842
6,87,66,536.4211097,1,5,6,529.7667110450004,6.654398654999568
3,183,73,553.9552041,1,5,7,543.2011423129998,10.754061787000182
3,249,127,906.2589199,1,5,8,903.8918114330014,2.3671084669986158
2,72,37,237.4498944,1,5,9,305.54112015900023,-68.09122575900022
5,352,130,978.2378923,1,5,10,967.8650882360016,10.372804063998387
6,395,116,937.0678103,1,5,11,923.5303193180001,13.537490981999895
1,351,174,1170.101873,1,5,12,1173.8838239200018,-3.781950920001691
4,412,184,1263.0415,1,5,13,1275.6348573900025,-12.593357390002438
7,445,174,1310.092428,1,5,14,1280.4458607500014,29.646567249998498
1,267,58,446.5175888,1,5,15,450.9613180120004,-4.443729212000392
5,190,129,855.7666721,1,5,16,870.2108712489998,-14.4441991489997
4,153,53,397.0143161,1,5,17,402.70620210200036,-5.691886002000388
5,495,65,597.7111641,1,5,18,617.6385852089998,-19.927421108999738
3,259,165,1157.874549,1,5,19,1144.0410300799995,13.833518920000415
4,160,120,867.9054926,1,5,20,856.5623934180002,11.343099181999833
3,153,143,988.7090559,1,5,21,974.3781390650013,14.330916834998675
1,365,117,833.4708083,1,5,22,847.40098357,-13.93017526999995
1,220,198,1296.407844,1,5,23,1249.35209605,47.05574795000007
4,405,157,1089.276618,1,6,0,1103.1106158100015,-13.833997810001392
4,373,123,910.104093,1,6,1,902.571563860001,7.532529139999042
6,182,87,680.148981,1,6,2,674.8778752459995,5.271105754000587
5,425,139,1004.253028,1,6,3,1000.2927494580014,3.960278541998605
6,342,46,474.8973627,1,6,4,478.83601209800065,-3.9386493980006776
5,377,29,412.6991756,1,6,5,340.3265008479998,72.3726747520002
6,176,35,369.5630935,1,6,6,357.49025855100035,12.072834948999628
3,155,38,347.0263562,1,6,7,339.17585561800007,7.850500581999938
4,141,10,88.7277923,1,6,8,114.36173790800012,-25.63394560800012
1,336,128,930.5390655,1,6,9,914.8964565969995,15.64260890300045
5,427,44,461.5163296,1,6,10,461.49719839400024,0.019131205999769918
5,442,68,592.5394106,1,6,11,595.2525876470004,-2.7131770470003858
1,100,78,507.7608644,1,6,12,519.2737906769994,-11.512926276999394
6,78,170,1088.849335,1,6,13,1115.0105864400018,-26.161251440001706
5,345,188,1337.938262,1,6,14,1326.9604293299992,10.97783267000068
7,346,21,324.7381283,1,6,15,328.92025975499985,-4.182131454999819
3,263,29,275.7410756,1,6,16,285.149312795,-9.408237195000027
4,316,190,1289.758348,1,6,17,1292.4044327400015,-2.64608474000147
1,456,52,497.3404696,1,6,18,478.92555549699995,18.414914103000058
4,306,135,965.743752,1,6,19,960.9734519449989,4.77030005500103
7,351,59,522.0091869,1,6,20,558.6551803890002,-36.64599348900015
5,150,38,361.9494249,1,6,21,332.7435442770002,29.205880622999814
5,454,194,1347.330601,1,6,22,1339.5413018700003,7.789299129999563
7,395,48,446.8169691,1,6,23,470.9552431610002,-24.13827406100023
1,159,193,1265.580216,1,0,0,1254.525014520001,11.055201479999141
3,469,180,1279.416896,1,0,1,1254.78035073,24.636545269999942
2,231,187,1218.95188,1,0,2,1225.0389780899982,-6.087098089998108
1,362,160,1073.231715,1,0,3,1083.647634390001,-10.415919390001136
2,50,181,1172.912385,1,0,4,1160.0179503400013,12.894434659998751
7,368,47,590.0146545,1,0,5,541.8184604790007,48.196194020999314
6,487,93,807.5634156,1,0,6,795.8140337040005,11.749381895999477
2,104,160,990.3109595,1,0,7,1039.3616042520002,-49.05064475200027
3,420,137,988.3660344,1,0,8,988.7334951050003,-0.367460705000326
6,473,135,1054.81718,1,0,9,1039.287478882999,15.529701117000968
2,448,54,417.9141508,1,0,10,441.57177954400044,-23.65762874400042
7,198,61,540.4349761,1,0,11,535.5527664929999,4.88220960700005
6,480,89,781.0927539,1,0,12,768.1751371959988,12.917616704001261
7,358,187,1374.190266,1,0,13,1347.338775770001,26.851490229999172
2,186,133,920.4636991,1,0,14,917.287510011,3.1761890889999904
7,251,128,951.6351648,1,0,15,945.6882630889991,5.946901711000919
3,485,17,337.9391072,1,0,16,326.2311819359998,11.70792526400021
2,362,94,763.6703496,1,0,17,742.7272324209995,20.943117179000524
2,166,138,908.6385437,1,0,18,917.0099538029992,-8.37141010299922
2,203,17,205.4456124,1,0,19,210.235680375,-4.7900679749999995
1,474,166,1100.181079,1,0,20,1134.6313588100006,-34.450279810000666
1,340,105,703.4708021,1,0,21,725.8361661169995,-22.36536401699948
1,112,111,689.4541106,1,0,22,719.9273708530008,-30.473260253000717
3,293,14,203.5914509,1,0,23,217.32370005299984,-13.732249152999827
6,74,95,649.3163093,1,1,0,664.1592782969988,-14.84296899699882
7,139,184,1249.620138,1,1,1,1252.4538528799992,-2.8337148799992065
5,124,43,357.788725,1,1,2,364.4691187989995,-6.680393798999489
2,343,64,549.0268569,1,1,3,540.8362114240003,8.190645475999645
7,435,128,989.2567906,1,1,4,987.8538630500005,1.4029275499995038
2,440,180,1173.398462,1,1,5,1219.0261166000005,-45.62765460000037
3,259,167,1128.472535,1,1,6,1131.648588359998,-3.1760533599979226
2,467,123,907.6740593,1,1,7,908.3787733309998,-0.7047140309998667
1,396,154,1031.938504,1,1,8,1044.177123290001,-12.238619290000997
5,66,35,307.6499965,1,1,9,312.8930444020001,-5.243047902000114
4,177,145,950.8420624,1,1,10,958.850921970999,-8.008859570998993
2,476,56,518.6951986,1,1,11,514.1416110549992,4.553587545000823
7,492,122,1063.587733,1,1,12,951.6631758490007,111.92455715099936
1,413,85,594.7318358,1,1,13,625.2787406049991,-30.546904804999144
4,300,81,620.5127374,1,1,14,624.3397845570001,-3.827047157000152
5,228,98,711.1048464,1,1,15,709.9961048919996,1.1087415080004348
4,231,55,446.3022035,1,1,16,450.26374514300034,-3.9615416430003165
1,201,42,357.8977374,1,1,17,353.4638322759997,4.433905124000262
6,74,10,188.4847968,1,1,18,192.23822560289983,-3.7534288028998333
6,229,156,1120.162995,1,1,19,1103.0594608580013,17.10353414199858
4,247,40,375.0148651,1,1,20,368.91583308100036,6.099032018999651
3,393,151,1029.23702,1,1,21,1036.4745360300005,-7.237516030000506
7,210,62,506.5594392,1,1,22,552.0247355629997,-45.46529636299971
7,226,57,537.1877912,1,1,23,532.8682569409997,4.3195342590003065
4,334,78,633.324957,1,2,0,625.8726021829993,7.452354817000696
2,112,114,785.4062222,1,2,1,777.6962411560002,7.709981043999846
2,199,99,692.4978631,1,2,2,668.6841151359996,23.813747964000413
7,203,199,1324.40955,1,2,3,1312.8128788999986,11.596671100001458
7,205,72,582.8429456,1,2,4,575.6118192050005,7.231126394999478
6,419,82,724.6444245,1,2,5,725.2082760680001,-0.5638515680001319
3,98,170,1115.709975,1,2,6,1111.079099370001,4.630875629999082
1,386,178,1224.453259,1,2,7,1221.4152033700009,3.0380556299990076
2,133,98,626.4442766,1,2,8,643.2393755819995,-16.79509898199956
7,410,185,1301.969095,1,2,9,1310.4679530999974,-8.498858099997506
6,226,22,284.1059244,1,2,10,289.1564643829999,-5.050539982999908
5,197,82,669.3022055,1,2,11,662.470662069999,6.831543430001034
6,167,86,635.2839504,1,2,12,648.3913007870001,-13.10735038700011
2,391,168,1168.949157,1,2,13,1163.3547407899985,5.594416210001555
2,112,77,539.2518342,1,2,14,540.4457114269991,-1.1938772269991205
6,238,107,826.2231825,1,2,15,823.9321988440008,2.2909836559991845
1,409,134,991.6332076,1,2,16,980.9490583369998,10.684149263000222
4,98,111,802.2571927,1,2,17,782.3751435610008,19.882049138999264
2,376,141,970.961825,1,2,18,980.5846069770005,-9.6227819770005
6,306,111,784.8631368,1,2,19,811.5457651140006,-26.682628314000567
7,273,28,334.5441199,1,2,20,325.11490081500034,9.429219084999659
6,190,91,695.2701688,1,2,21,688.5834743950004,6.686694404999571
3,264,150,1013.350642,1,2,22,1038.12548572,-24.77484371999992
4,484,32,456.2369683,1,2,23,419.18414551999996,37.05282278000004
5,428,92,755.9634091,1,3,0,750.4036558709995,5.559753229000535
1,489,118,889.3113564,1,3,1,875.1399148369997,14.171441563000371
5,260,84,663.5164293,1,3,2,662.4300106529992,1.086418647000869
4,367,138,987.7010045,1,3,3,984.7084080750006,2.992596424999306
4,81,97,608.5556497,1,3,4,631.4147469549996,-22.859097254999597
4,207,63,497.7414708,1,3,5,498.7107037059999,-0.9692329059998883
5,334,98,860.8394188,1,3,6,822.4220964869997,38.41732231300023
7,354,152,1085.866248,1,3,7,1095.2877924600004,-9.421544460000405
4,478,74,592.9538087,1,3,8,600.713890762999,-7.760082062999004
6,335,85,758.5916791,1,3,9,719.7853238239996,38.80635527600032
5,193,152,1067.162489,1,3,10,1060.3804770959987,6.782011904001365
4,473,158,1155.522596,1,3,11,1138.5343282099993,16.98826779000069
6,68,156,1087.280216,1,3,12,1045.6275424399998,41.65267356000027
7,67,69,514.1549417,1,3,13,521.0891682679995,-6.934226567999531
3,306,102,745.6021572,1,3,14,740.7782445790008,4.823912620999181
7,127,170,1191.754624,1,3,15,1192.1341803099992,-0.379556309999316
4,420,58,597.310631,1,3,16,570.07940436,27.23122663999993
5,224,44,371.1436706,1,3,17,382.83242372499996,-11.688753124999948
2,243,181,1227.322034,1,3,18,1221.630511009999,5.691522990000976
4,162,111,786.0551718,1,3,19,784.4698056280006,1.5853661719994534
2,163,20,203.791832,1,3,20,222.10697696799997,-18.31514496799997
6,271,108,819.0681233,1,3,21,830.4867768050011,-11.418653505001089
3,215,119,781.9606014,1,3,22,807.4641410310005,-25.503539631000535
1,484,83,687.0926699,1,3,23,679.1537658209993,7.938904079000736
7,368,183,1289.931929,1,4,0,1285.0747493799993,4.857179620000807
3,181,18,174.9092789,1,4,1,187.93239305900013,-13.02311415900013
4,434,12,288.7637688,1,4,2,278.37345289399974,10.39031590600024
2,313,94,711.5740208,1,4,3,697.2604093399995,14.313611460000516
7,462,35,455.9700025,1,4,4,440.14188342499915,15.82811907500087
2,104,81,579.5863086,1,4,5,568.9322053490005,10.654103250999583
5,408,57,582.1780974,1,4,6,570.1079823229996,12.07011507700031
2,180,165,1113.246722,1,4,7,1115.628383069999,-2.381661069998927
5,337,126,916.2516308,1,4,8,919.9633012220008,-3.7116704220007932
6,315,163,1192.923148,1,4,9,1185.2115024700008,7.7116455299992595
7,415,162,1207.849229,1,4,10,1203.1125191799997,4.736709820000215
7,211,21,346.0772331,1,4,11,308.8320907060003,37.245142393999686
1,429,142,991.9881499,1,4,12,999.4713573480007,-7.483207448000599
4,136,57,432.1058509,1,4,13,439.743648701,-7.6377978009999765
5,104,46,363.7860937,1,4,14,375.24757113900006,-11.461477439000078
1,337,53,439.7786368,1,4,15,446.47727166700065,-6.698634867000635
2,227,24,256.101764,1,4,16,257.69323125099964,-1.5914672509996421
2,440,52,488.5788685,1,4,17,478.16285862300043,10.416009876999567
1,398,185,1254.875176,1,4,18,1275.16765439,-20.292478390000042
7,57,96,718.2311104,1,4,19,706.478040202999,11.75307019700108
2,370,79,608.3237449,1,4,20,601.2207703160002,7.102974583999753
6,362,55,502.4245405,1,4,21,496.47856511799944,5.94597538200054
6,296,117,852.0051601,1,4,22,866.5458779510008,-14.54071785100075
1,372,132,947.8515329,1,4,23,948.6904498559987,-0.838916955998684
5,492,180,1316.709669,1,5,0,1265.2200927699998,51.48957623000024
5,304,30,290.5248669,1,5,1,320.8590046009999,-30.334137700999918
1,377,160,1121.002603,1,5,2,1115.4097630100007,5.59283998999922
5,103,116,858.3130544,1,5,3,847.3360641350006,10.976990264999472
7,298,89,706.9224945,1,5,4,702.3119126990007,4.6105818009992845
7,288,56,537.4848014,1,5,5,530.3583026370006,7.126498762999404
5,278,126,900.1962572,1,5,6,906.1481785040005,-5.951921304000507
6,116,133,941.6492078,1,5,7,927.4698453419998,14.179362458000242
5,100,152,982.0197333,1,5,8,999.3478163529995,-17.328083052999546
7,146,34,350.6566303,1,5,9,344.896501638,5.760128662
3,141,45,386.7394238,1,5,10,383.95163088400005,2.787792915999944
4,313,60,550.9713522,1,5,11,549.7428552610002,1.2284969389997968
2,467,24,326.8948746,1,5,12,326.43736170799957,0.457512892000409
3,340,77,598.8286409,1,5,13,603.3548699129997,-4.526229012999693
5,145,30,250.7219675,1,5,14,279.16566828200035,-28.44370078200035
6,137,150,1008.373509,1,5,15,1029.8315432610002,-21.458034261000194
1,127,28,207.0217979,1,5,16,233.73955180700034,-26.717753907000343
5,337,43,413.1679865,1,5,17,427.0485404949999,-13.8805539949999
6,169,87,664.486589,1,5,18,660.3285242229998,4.158064777000163
4,351,134,959.0433679,1,5,19,965.7391229709997,-6.695755070999667
5,449,126,970.8636412,1,5,20,963.926818266001,6.936822933998997
7,214,61,571.278819,1,5,21,558.6121625229996,12.666656477000402
1,231,36,288.1061334,1,5,22,297.77829721000035,-9.67216381000037
6,447,166,1178.613991,1,5,23,1195.5705245700008,-16.95653357000083
6,272,165,1140.548772,1,6,0,1151.713861989999,-11.165089989998933
6,360,44,479.5076541,1,6,1,475.67451245600046,3.833141643999568
4,481,145,1094.638314,1,6,2,1072.382239564,22.256074436000063
5,56,153,1021.982556,1,6,3,1014.4826967960009,7.499859203999108
4,379,115,902.7221192,1,6,4,890.2477323279999,12.474386872000082
2,312,173,1156.009108,1,6,5,1157.9625783499991,-1.9534703499991792
2,210,167,1156.564984,1,6,6,1144.0407730899983,12.524210910001784
5,200,155,1089.545614,1,6,7,1076.293199068001,13.252414931998828
7,134,11,135.4953759,1,6,8,181.11064364940003,-45.61526774940003
4,196,186,1288.819759,1,6,9,1268.5026728700013,20.317086129998643
1,161,86,556.2904017,1,6,10,561.794477162999,-5.504075462999026
6,430,141,1033.976964,1,6,11,1026.7393017940008,7.237662205999186
6,452,99,835.3131333,1,6,12,824.8802894479996,10.43284385200036
5,85,98,636.3545858,1,6,13,647.9188741699998,-11.564288369999758
7,334,103,802.3359231,1,6,14,815.8213587670003,-13.485435667000388
2,237,16,243.8129562,1,6,15,217.9251440783998,25.887812121600206
2,131,104,709.9865274,1,6,16,718.8579828139996,-8.87145541399957
6,51,117,831.6671934,1,6,17,834.5017920359999,-2.834598635999896
5,434,83,683.492682,1,6,18,686.7928378569991,-3.3001558569991403
4,352,48,407.4489,1,6,19,454.79151140300064,-47.34261140300066
2,246,150,1025.004523,1,6,20,1036.6394512929996,-11.634928292999575
4,453,168,1231.807685,1,6,21,1194.789408909999,37.01827609000088
7,60,80,629.5498016,1,6,22,621.7666419859993,7.783159614000738
2,283,65,511.1720769,1,6,23,523.6716735080005,-12.499596608000502
2,435,179,1205.487953,1,0,0,1207.5723323000013,-2.084379300001274
3,244,198,1379.333088,1,0,1,1288.0220841200007,91.31100387999936
2,168,51,400.7936233,1,0,2,396.8293327029998,3.964290597000172
1,445,193,1301.283401,1,0,3,1295.747339939998,5.5360610600018845
5,69,45,360.6165229,1,0,4,367.86210650700014,-7.245583607000128
5,310,93,730.4879243,1,0,5,719.6344711770012,10.853453122998872
4,342,127,956.6882479,1,0,6,946.2907640650006,10.39748383499932
7,471,16,347.9888437,1,0,7,329.9306376670002,18.058206032999806
2,305,63,525.2553946,1,0,8,529.6492231209996,-4.393828520999591
1,271,138,928.8419306,1,0,9,938.5739409389997,-9.732010338999771
4,442,181,1275.229383,1,0,10,1233.5469960100002,41.68238698999994
3,275,129,920.7375118,1,0,11,922.0451525920002,-1.3076407920002566
4,102,182,1200.698581,1,0,12,1169.8955251000007,30.803055899999435
4,477,115,888.0109764,1,0,13,894.8897333819991,-6.878756981999118
2,404,56,464.7237913,1,0,14,485.0393953429996,-20.31560404299961
3,391,132,964.5518674,1,0,15,962.5525709050007,1.999296494999271
4,413,150,1086.25046,1,0,16,1080.7850541699995,5.4654058300004635
1,329,128,865.0538486,1,0,17,921.7503792250001,-56.69653062500004
1,130,159,982.7279855,1,0,18,994.4658866729991,-11.737901172999045
5,251,127,924.6142753,1,0,19,924.3993738060008,0.21490149399926395
3,207,30,303.6028517,1,0,20,294.94714561999996,8.655706080000016
3,169,146,960.8990366,1,0,21,961.6132474490016,-0.7142108490015744
5,108,35,300.0018889,1,0,22,309.5349229869996,-9.533034086999635
4,264,18,222.2923443,1,0,23,223.43886044099992,-1.1465161409999212
3,177,24,253.5676482,1,1,0,248.17347386800023,5.394174331999778
1,273,19,186.7806878,1,1,1,207.14435115499992,-20.363663354999915
1,258,131,945.6340371,1,1,2,938.0309663259991,7.603070774000912
2,419,130,923.3915569,1,1,3,933.6181639999992,-10.226607099999228
3,164,134,825.4435717,1,1,4,865.6901903130005,-40.246618613000464
4,258,179,1210.49485,1,1,5,1190.6111678200002,19.883682179999823
5,63,81,577.7089956,1,1,6,587.1585598739996,-9.449564273999613
5,58,161,1091.751557,1,1,7,1081.8613287049998,9.89022829500027
4,89,58,443.3437871,1,1,8,435.04666498300037,8.297122116999617
7,499,163,1207.684944,1,1,9,1223.9401459499982,-16.25520194999808
6,286,100,767.2082438,1,1,10,745.9568923390001,21.2513514609999
2,330,46,414.8225931,1,1,11,418.77300539000004,-3.950412290000031
5,408,77,594.4585725,1,1,12,611.1424529649997,-16.68388046499979
3,250,59,514.158652,1,1,13,495.81691667599915,18.34173532400081
2,295,161,1059.564903,1,1,14,1079.900863920001,-20.33596092000107
3,327,28,353.6113146,1,1,15,325.2125630279998,28.398751572000208
7,284,109,855.9739542,1,1,16,848.8247349180012,7.1492192819987395
1,53,69,463.7878241,1,1,17,463.59379631900003,0.1940277809999884
2,203,176,1181.382703,1,1,18,1179.2707047599988,2.111998240001185
5,491,98,827.4939616,1,1,19,825.4047606400003,2.0892009599997436
2,78,155,1003.586586,1,1,20,999.2078391210005,4.37874687899955
2,158,156,1008.467507,1,1,21,1013.9111330689989,-5.443626068998924
2,147,173,1123.26506,1,1,22,1122.8990301100014,0.3660298899985719
6,264,192,1303.575066,1,1,23,1311.5870409200006,-8.011974920000512
2,342,78,590.297667,1,2,0,594.9592446099995,-4.661577609999426
3,124,184,1245.140851,1,2,1,1237.4796379300017,7.661213069998439
1,375,58,451.2541924,1,2,2,506.0251692529996,-54.77097685299958
7,195,117,870.1295138,1,2,3,866.1561154239996,3.973398376000432
4,177,170,1136.504071,1,2,4,1140.7040840799998,-4.200013079999735
2,390,128,905.6773658,1,2,5,916.6416072370005,-10.96424143700051
5,91,158,1065.732028,1,2,6,1069.3898729489993,-3.6578449489993545
2,405,159,1123.191663,1,2,7,1106.1392065000007,17.05245649999938
5,90,185,1184.225425,1,2,8,1209.5600948499987,-25.33466984999859
3,471,46,465.3407013,1,2,9,456.87203718700067,8.468664112999306
5,83,152,979.4289798,1,2,10,999.693289557999,-20.264309757999058
4,66,172,1135.456459,1,2,11,1121.4449499199998,14.011509080000224
1,214,169,1098.494619,1,2,12,1120.8135005499994,-22.318881549999332
5,202,20,258.0698966,1,2,13,248.15179339199952,9.918103208000474
5,427,147,1104.87094,1,2,14,1094.9803691929985,9.890570807001495
1,125,87,566.2346913,1,2,15,571.4619216449998,-5.227230344999839
4,136,86,644.2206588,1,2,16,636.349748296,7.870910503999994
2,166,194,1215.346654,1,2,17,1226.6542559799982,-11.307601979998253
5,411,162,1212.656296,1,2,18,1200.77315887,11.883137130000023
1,391,11,181.7726645,1,2,19,227.9759430469999,-46.20327854699991
3,76,73,454.914628,1,2,20,525.386612075,-70.47198407500002
1,362,44,377.7439527,1,2,21,392.20642937100007,-14.462476671000047
3,336,16,228.5409541,1,2,22,262.9690271789999,-34.428073078999915
4,183,94,668.8177804,1,2,23,674.3660232610002,-5.54824286100029
2,268,155,1047.34944,1,3,0,1044.9777751960005,2.371664803999465
1,217,76,569.0352708,1,3,1,581.4441947040002,-12.408923904000176
7,147,51,449.3488226,1,3,2,442.73370020299984,6.615122397000164
7,317,127,941.3514729,1,3,3,941.0023894710009,0.34908342899905165
6,286,134,946.0035956,1,3,4,951.1129406710004,-5.109345071000348
5,358,176,1224.354516,1,3,5,1225.105160270002,-0.7506442700018852
4,443,178,1204.265255,1,3,6,1216.484753900002,-12.219498900002009
1,222,33,257.8460072,1,3,7,275.99042045800053,-18.144413258000554
7,450,197,1459.321617,1,3,8,1434.6977850799988,24.623831920001294
5,459,55,517.9992239,1,3,9,514.1648071679994,3.834416732000591
7,239,28,363.5614758,1,3,10,318.9596223840003,44.6018534159997
1,171,77,491.5055373,1,3,11,513.1316087129995,-21.626071412999522
3,95,111,792.632877,1,3,12,769.8543396149994,22.778537385000618
1,113,51,410.028202,1,3,13,344.13733725000037,65.89086474999965
6,179,41,407.4306467,1,3,14,401.6941986699999,5.736448030000133
1,359,176,1238.437578,1,3,15,1225.2175694099992,13.220008590000816
1,412,118,857.2737892,1,3,16,867.4918778349997,-10.21808863499973
6,242,45,455.6555134,1,3,17,439.8911525180003,15.764360881999721
4,356,106,840.6580163,1,3,18,820.7227019350013,19.935314364998703
1,230,173,1127.391554,1,3,19,1131.5656646300006,-4.174110630000541
6,341,140,985.7286762,1,3,20,995.8976244380001,-10.168948238000098
5,420,82,716.6689007,1,3,21,710.975392891,5.693507809000039
3,331,145,1000.144212,1,3,22,1010.2831195449996,-10.138907544999597
3,78,106,692.4741054,1,3,23,719.0705262410004,-26.596420841000395
1,198,132,875.3368475,1,4,0,885.7189331700007,-10.38208567000072
4,316,79,645.7884264,1,4,1,638.4961639100005,7.29226248999953
4,345,178,1236.004039,1,4,2,1228.0937097200022,7.910329279997768
5,60,22,244.0718861,1,4,3,236.2802375660001,7.791648533999904
1,213,58,405.694286,1,4,4,422.0881550960001,-16.393869096000117
3,162,69,506.3188862,1,4,5,498.11827351000034,8.200612689999673
4,236,139,990.2725635,1,4,6,973.3521317709991,16.92043172900094
1,344,197,1353.383735,1,4,7,1350.0204492999985,3.36328570000137
7,281,14,337.0930677,1,4,8,315.61792217799984,21.47514552200016
4,276,181,1241.7893,1,4,9,1222.892242400001,18.897057599999016
6,359,36,438.9002948,1,4,10,430.4567815629999,8.443513237000104
7,147,169,1222.547375,1,4,11,1205.0820955699992,17.46527943000092
4,104,158,1019.074919,1,4,12,1061.670532354,-42.595613353999966
3,160,17,213.8909956,1,4,13,200.6739790519001,13.217016548099906
2,201,59,467.3502885,1,4,14,461.33591131099996,6.014377189000015
7,295,76,692.9358431,1,4,15,663.4215628190002,29.514280280999856
5,455,53,495.3857586,1,4,16,484.86387381200046,10.521884787999511
5,118,134,886.2178265,1,4,17,897.956039649,-11.73821314899999
3,361,67,555.9414663,1,4,18,547.6125941910004,8.328872108999576
4,338,12,244.7318299,1,4,19,243.5854451649999,1.1463847350001117
1,299,95,708.3859186,1,4,20,694.9364079869997,13.449510613000257
4,85,79,575.0263133,1,4,21,580.3683217179994,-5.342008417999409
3,288,139,960.8576031,1,4,22,958.7797508579989,2.077852242001086
5,197,181,1232.593843,1,4,23,1217.2400333199994,15.353809680000722
4,276,11,217.8313343,1,5,0,210.03090608400026,7.8004282159997445
5,293,111,881.2504929,1,5,1,800.1955885620004,81.05490433799969
7,386,44,489.7697683,1,5,2,489.8202087760004,-0.05044047600040358
1,495,107,794.0074976,1,5,3,785.9506880609998,8.056809539000142
7,414,39,476.6882709,1,5,4,465.83970729899926,10.848563601000762
5,250,125,905.9545596,1,5,5,903.9448477579997,2.0097118420003426
5,203,17,190.7701993,1,5,6,202.06108913899993,-11.29088983899993
2,499,159,1133.230438,1,5,7,1126.6552044899993,6.575233510000771
2,122,53,381.5778526,1,5,8,382.45196532199986,-0.8741127219998361
7,250,195,1333.683844,1,5,9,1338.2568528299996,-4.573008829999708
6,345,45,494.5674986,1,5,10,486.5590438890006,8.008454710999445
7,66,86,617.2296121,1,5,11,635.118454301001,-17.888842201000898
2,178,40,337.0685586,1,5,12,334.21792946200026,2.8506291379997606
5,266,56,486.36429,1,5,13,494.4644942519997,-8.100204251999742
3,110,64,465.2308502,1,5,14,463.5814024370008,1.6494477629992161
7,476,115,950.1535887,1,5,15,945.5843543360008,4.569234363999158
5,153,199,1275.672768,1,5,16,1273.6378139299993,2.0349540700005946
3,91,167,1080.049827,1,5,17,1096.1711144099995,-16.121287409999468
3,74,130,915.8684247,1,5,18,897.2467442239999,18.62168047600005
2,88,64,393.6970996,1,5,19,459.4203805790001,-65.7232809790001
7,340,153,1123.271761,1,5,20,1113.8881347229988,9.383626277001213
4,180,21,273.6971797,1,5,21,264.9312288190002,8.76595088099981
1,278,154,1031.448577,1,5,22,1038.3745971160001,-6.926020116000245
2,157,153,1015.739009,1,5,23,1010.593227964999,5.14578103500105
2,221,149,919.0300197,2,6,0,962.0657220720016,-43.03570237200154
4,484,145,1093.147481,2,6,1,1070.6533124289997,22.494168571000273
1,151,12,109.4493538,2,6,2,122.95275647420009,-13.503402674200089
5,403,153,1123.196319,2,6,3,1087.3660548190003,35.83026418099962
6,61,39,341.4169581,2,6,4,344.0055920199998,-2.588633919999836
7,324,32,462.5499909,2,6,5,415.55540381899976,46.99458708100025
6,150,101,757.4008597,2,6,6,736.1609656159999,21.23989408400007
5,93,124,843.5212851,2,6,7,851.0082339170003,-7.486948817000325
2,492,113,810.3092172,2,6,8,805.3914204890009,4.917796710999141
1,354,127,886.8344071,2,6,9,917.5886583200004,-30.754251220000356
2,494,14,286.8968664,2,6,10,284.86096245399955,2.0359039460004738
3,66,113,740.3834432,2,6,11,755.8065079600003,-15.42306476000033
2,379,117,830.5303092,2,6,12,847.6293375720005,-17.099028372000475
2,106,74,488.6224001,2,6,13,498.69482493700013,-10.072424837000142
5,360,130,979.0542431,2,6,14,968.6349000300017,10.419343069998263
5,352,39,437.3816382,2,6,15,424.5187677980001,12.862870401999885
5,61,158,1082.136303,2,6,16,1071.6176056870013,10.518697312998711
6,367,93,728.2500032,2,6,17,747.560871638,-19.310868437999943
3,129,159,1053.479327,2,6,18,1050.7577490159988,2.7215779840012146
5,265,41,396.8488814,2,6,19,399.4217654540004,-2.57288405400044
1,388,170,1148.632974,2,6,20,1148.4384295600019,0.19454443999825344
6,313,25,345.9547756,2,6,21,333.0308359939996,12.923939606000431
4,198,47,413.6296876,2,6,22,408.09185835200014,5.537829247999866
1,130,151,975.8630432,2,6,23,980.4270535970013,-4.5640103970013115
7,264,45,422.4758642,2,0,0,451.7515258650001,-29.275661665000086
7,423,160,1169.405658,2,0,1,1159.6572625400015,9.748395459998392
1,247,123,871.6760483,2,0,2,861.0775508560005,10.598497443999577
5,249,75,593.082826,2,0,3,621.3427864940005,-28.259960494000552
4,74,114,775.3804319,2,0,4,774.2793497409999,1.1010821590000432
4,138,94,697.0399894,2,0,5,680.2139400440001,16.826049355999885
6,317,11,265.0032922,2,0,6,260.98423543399963,4.019056766000347
4,192,84,637.9956789,2,0,7,659.3513265599998,-21.355647659999818
7,108,76,620.2373304,2,0,8,612.0140162189997,8.223314181000319
3,459,189,1253.200087,2,0,9,1280.3444110100013,-27.144324010001355
5,414,199,1378.501495,2,0,10,1382.3435607500005,-3.842065750000529
4,75,160,1056.558174,2,0,11,1058.3489704150008,-1.790796415000841
6,96,163,1138.429329,2,0,12,1143.0034813500015,-4.574152350001441
7,337,64,592.0828668,2,0,13,597.126591813001,-5.043725013000994
3,315,15,204.1585061,2,0,14,251.1804295709998,-47.02192347099978
2,65,172,1056.957419,2,0,15,1080.4208572299995,-23.463438229999383
2,248,159,1084.915836,2,0,16,1061.9885771890006,22.92725881099932
3,450,180,1253.466793,2,0,17,1247.0753076699996,6.391485330000478
7,456,152,1153.583999,2,0,18,1128.1133238319985,25.470675168001435
6,331,95,777.7509058,2,0,19,772.2533874499999,5.497518350000178
3,135,69,412.4542895,2,0,20,447.35450814300003,-34.90021864300002
5,299,110,884.7110253,2,0,21,840.2718051040002,44.439220195999724
5,440,21,311.0677849,2,0,22,317.53582465799957,-6.468039757999577
2,319,58,480.9580911,2,0,23,487.2868110560003,-6.328719956000327
4,384,51,430.0590896,2,1,0,449.2634416449999,-19.204352044999894
6,166,175,1177.123767,2,1,1,1171.069021229999,6.054745770001091
2,56,91,630.1406414,2,1,2,632.6928661840004,-2.552224784000373
4,186,182,1150.314985,2,1,3,1166.986064910001,-16.671079910001026
4,420,44,483.7860026,2,1,4,464.91156543299985,18.874437167000167
5,225,167,1136.289117,2,1,5,1145.5507094199984,-9.261592419998351
7,377,167,1234.714933,2,1,6,1221.6303381099997,13.08459489000029
1,364,143,1001.925732,2,1,7,1012.8181993310001,-10.892467331000034
7,264,76,653.442645,2,1,8,646.4370249220008,7.005620077999197
1,131,89,562.3514805,2,1,9,590.6513557040006,-28.299875204000614
3,272,16,211.6635256,2,1,10,217.49270573200027,-5.8291801320002605
5,421,189,1291.453315,2,1,11,1313.4358970200017,-21.9825820200017
4,472,23,354.3538899,2,1,12,339.68866730399964,14.665222596000376
6,451,82,768.3616546,2,1,13,743.5149681249993,24.846686475000638
1,492,152,1019.866773,2,1,14,1037.4803308070013,-17.61355780700137
7,152,158,1075.750623,2,1,15,1079.608931838,-3.8583088380000845
4,322,172,1183.146742,2,1,16,1172.2402079899991,10.906534010000769
1,63,75,489.1002427,2,1,17,531.4119748369993,-42.3117321369993
1,208,100,703.775289,2,1,18,696.2098449230001,7.565444076999938
1,201,139,904.7340006,2,1,19,920.8043852900003,-16.07038469000031
6,157,172,1159.621238,2,1,20,1157.825740660002,1.7954973399978371
5,237,29,353.1939212,2,1,21,330.2438734019999,22.95004779800007
6,350,19,328.859867,2,1,22,312.59433712299955,16.26552987700046
2,147,34,294.2693393,2,1,23,294.7299769510003,-0.4606376510002974
4,180,34,321.3754713,2,2,0,321.0886921490005,0.28677915099950724
5,342,63,585.0945663,2,2,1,583.3739157430006,1.7206505569994306
5,220,42,373.3107183,2,2,2,376.95904541399995,-3.648327113999926
5,473,173,1231.119172,2,2,3,1242.4263147900012,-11.307142790001308
7,232,104,820.9830296,2,2,4,804.4598161860001,16.523213413999883
5,413,23,288.1489209,2,2,5,296.54910386099954,-8.40018296099953
6,88,74,563.1653853,2,2,6,555.7278771670007,7.437508132999369
5,64,119,798.7032494,2,2,7,814.2069043950006,-15.503654995000602
3,425,89,664.3273581,2,2,8,711.1480885319999,-46.82073043199989
4,53,63,425.9619726,2,2,9,444.30334903199997,-18.341376431999947
5,398,134,995.1307172,2,2,10,992.4473053529993,2.683411847000798
4,458,189,1362.418898,2,2,11,1331.8321385200013,30.58675947999859
3,446,140,999.2112603,2,2,12,999.6044164529998,-0.3931561529997225
3,259,178,1227.101442,2,2,13,1212.4258536299994,14.675588370000469
4,210,143,982.8953768,2,2,14,980.559038754001,2.336338045999014
1,65,34,277.8115411,2,2,15,278.39745334600013,-0.5859122460001345
2,475,150,1054.365252,2,2,16,1057.0930940870012,-2.727842087001136
7,157,126,906.6357124,2,2,17,890.6623873620007,15.973325037999302
1,431,145,1025.354508,2,2,18,1031.3697497300009,-6.01524173000098
1,499,158,1107.314686,2,2,19,1113.5300674399991,-6.215381439999192
6,360,34,430.5907244,2,2,20,410.0233631869999,20.567361213000083
7,276,88,649.5730882,2,2,21,668.8126862859997,-19.23959808599966
7,219,77,705.3721662,2,2,22,677.7331759590006,27.63899024099942
1,83,182,1157.633238,2,2,23,1156.9913231299988,0.6419148700010737
5,463,197,1390.694045,2,3,0,1395.620262779999,-4.926217779998979
6,300,21,289.4303498,2,3,1,300.2273671059999,-10.79701730599993
6,296,41,398.8073817,2,3,2,411.30702235799976,-12.499640657999748
3,318,137,981.7684642,2,3,3,966.2823721379993,15.486092062000694
7,190,105,821.8494501,2,3,4,793.1456358620001,28.70381423799995
1,323,101,713.0242162,2,3,5,716.8151212160001,-3.7909050160001243
3,465,150,1117.709712,2,3,6,1086.9973533100003,30.712358689999746
4,145,40,316.2821986,2,3,7,323.86385007800055,-7.581651478000538
2,276,87,602.2856745,2,3,8,609.7578668680006,-7.472192368000606
6,428,29,446.8002362,2,3,9,373.5808377339999,73.21939846600009
4,88,155,1034.133258,2,3,10,1030.5152276710007,3.618030328999339
4,351,69,621.2054461,2,3,11,603.2044047480003,18.001041351999675
5,78,143,930.7818087,2,3,12,968.2518930829993,-37.47008438299929
2,495,169,1164.794238,2,3,13,1177.9750729000004,-13.180834900000491
4,367,102,771.3417204,2,3,14,783.3602247230001,-12.018504323000116
4,294,52,435.4782348,2,3,15,437.4111654850001,-1.9329306850000876
2,285,139,970.6609563,2,3,16,965.3695343079987,5.291421992001233
2,234,69,491.6662183,2,3,17,523.1717005590002,-31.50548225900019
4,321,160,1081.149904,2,3,18,1093.2746075850005,-12.124703585000361
2,489,40,420.9604624,2,3,19,417.65445422499994,3.306008175000045
4,285,14,190.8004147,2,3,20,210.60219278499972,-19.80177808499971
4,288,171,1118.416082,2,3,21,1137.8542692999997,-19.438187299999754
5,426,19,320.797717,2,3,22,312.25806869700034,8.539648302999638
1,315,98,645.0233987,2,3,23,675.4064293520006,-30.38303065200057
4,463,139,1056.158382,2,4,0,1027.482165239999,28.676216760001125
3,458,135,950.5399882,2,4,1,979.1901047730003,-28.65011657300022
6,408,20,265.1797864,2,4,2,296.7606152629998,-31.580828862999795
7,389,187,1334.8861,2,4,3,1340.0273306100019,-5.141230610001912
1,438,168,1158.737835,2,4,4,1165.5313530500016,-6.793518050001694
1,114,65,453.9442519,2,4,5,457.59140781200034,-3.6471559120003576
1,226,92,639.960471,2,4,6,641.1478304519992,-1.1873594519992139
5,52,146,934.8206214,2,4,7,948.3415655359989,-13.520944135998889
4,478,108,872.7918354,2,4,8,854.5373235069998,18.2545118930002
5,191,158,1109.104155,2,4,9,1092.8792286479986,16.224926352001376
4,425,82,643.3271361,2,4,10,664.316340552,-20.98920445200008
5,207,165,1121.669816,2,4,11,1153.8602299099996,-32.190413909999506
5,373,199,1372.666799,2,4,12,1375.6444995299992,-2.9777005299990833
6,195,124,899.1114475,2,4,13,873.9928372120007,25.11861028799933
3,495,16,283.3522862,2,4,14,295.16921494699955,-11.816928746999565
5,342,89,709.5636668,2,4,15,716.4385252479999,-6.874858447999941
6,202,153,1087.854466,2,4,16,1080.0090385600008,7.845427439999185
2,481,106,776.884407,2,4,17,785.3729184050004,-8.488511405000395
3,242,13,217.7211941,2,4,18,221.97834918999976,-4.25715508999977
5,486,13,333.0339819,2,4,19,292.0195205969996,41.01446130300042
7,122,112,862.6240498,2,4,20,842.8737062159988,19.750343584001143
1,448,49,379.0989803,2,4,21,408.68224782499993,-29.58326752499994
2,354,26,286.7129503,2,4,22,298.5757855339998,-11.862835233999817
2,426,110,758.8469828,2,4,23,774.3021241949998,-15.455141394999828
6,393,112,806.8480893,2,5,0,846.1903072380001,-39.34221793800009
2,189,133,889.0227914,2,5,1,895.4375779469993,-6.41478654699938
3,236,61,469.8254462,2,5,2,500.09061886,-30.26517266000002
5,342,61,552.5955286,2,5,3,560.9618274520006,-8.366298852000682
5,110,173,1160.583831,2,5,4,1140.3882732699994,20.195557730000473
7,476,133,1083.236879,2,5,5,995.4616515450007,87.77522745499937
1,429,175,1195.317613,2,5,6,1193.6238912800018,1.693721719998166
6,247,187,1373.800669,2,5,7,1357.85009636,15.950572640000019
1,344,72,559.3922956,2,5,8,553.1624884760005,6.229807123999535
2,489,125,981.9743713,2,5,9,953.788537158001,28.185834141999067
7,368,71,571.414866,2,5,10,605.9953240510004,-34.58045805100039
1,351,16,256.7921859,2,5,11,258.2423673959998,-1.4501814959998
3,393,164,1141.477185,2,5,12,1147.2185727300002,-5.74138773000027
5,60,101,640.5495822,2,5,13,670.4516144330003,-29.902032233000227
2,111,23,213.9163533,2,5,14,225.1979630989997,-11.28160979899971
7,382,95,780.5113339,2,5,15,771.2050911789997,9.306242721000217
1,275,142,966.9015975,2,5,16,958.7025800959981,8.199017404001893
6,202,192,1332.932294,2,5,17,1301.5634045499992,31.36888945000078
3,248,139,908.7254965,2,5,18,934.2508851980004,-25.525388698000484
3,101,71,531.7475695,2,5,19,500.9330608989999,30.81450860100017
1,309,158,1055.894385,2,5,20,1083.7919374870003,-27.897552487000212
5,108,88,675.9852352,2,5,21,663.2671945030006,12.718040696999424
1,121,158,993.1455531,2,5,22,1005.5341646679997,-12.388611567999646
2,197,147,956.9877332,2,5,23,985.847683709001,-28.85995050900101
1,398,67,537.2116212,2,6,0,540.9353675500003,-3.723746350000283
3,112,129,855.6558212,2,6,1,863.2214916209995,-7.565670420999481
7,359,176,1248.816456,2,6,2,1243.8014025500006,5.015053449999414
1,422,142,978.7108581,2,6,3,987.2912448980017,-8.580386798001655
5,292,74,569.793734,2,6,4,577.2137318349995,-7.419997834999549
7,415,22,348.4606473,2,6,5,341.9575015769996,6.503145723000387
6,379,190,1363.989302,2,6,6,1351.5507176300002,12.438584369999717
4,156,91,648.6793748,2,6,7,652.2131005709991,-3.5337257709991263
1,275,182,1219.771959,2,6,8,1222.3431696300013,-2.57121063000136
5,362,169,1192.037116,2,6,9,1188.4920592600001,3.5450567399998363
7,267,173,1180.15446,2,6,10,1175.5056066300012,4.648853369998733
5,474,197,1417.118247,2,6,11,1403.007984510001,14.110262489999059
6,290,148,1044.791306,2,6,12,1058.876058679,-14.084752678999848
3,308,158,1078.398981,2,6,13,1081.4888620900008,-3.0898810900007447
5,425,61,605.6271614,2,6,14,594.973921936,10.653239463999967
7,311,192,1315.473886,2,6,15,1316.5058624900025,-1.0319764900025348
5,54,126,852.1423136,2,6,16,847.9416946009994,4.20061899900054
5,310,35,376.7844495,2,6,17,354.48143874100003,22.30301075899996
5,103,43,384.9277715,2,6,18,381.7794452339997,3.1483262660003106
2,96,61,450.454601,2,6,19,450.2070883279999,0.24751267200014127
2,264,121,843.1151701,2,6,20,838.2764375680007,4.838732531999312
3,226,91,647.9887606,2,6,21,653.3707579269991,-5.381997326999112
1,58,189,1180.601175,2,6,22,1216.6138798499994,-36.01270484999941
5,148,166,1155.469677,2,6,23,1148.7203268900005,6.749350109999568
6,69,175,1159.881302,2,0,0,1157.1300719879987,2.751230012001315
1,427,51,441.0823166,2,0,1,446.41873038899956,-5.33641378899955
6,290,30,368.6451077,2,0,2,357.6376388099996,11.007468890000382
1,110,51,355.1618106,2,0,3,343.5621447870003,11.599665812999717
3,428,150,1033.268717,2,0,4,1044.0117973499991,-10.743080349999218
5,468,122,954.579924,2,0,5,946.9348267270011,7.645097272998896
5,227,114,786.6971277,2,0,6,794.9654802549993,-8.268352554999296
4,387,26,343.3344194,2,0,7,332.5299420589995,10.804477341000506
6,111,129,873.3857183,2,0,8,884.555388699001,-11.169670399001006
1,194,146,950.3062441,2,0,9,947.5496458519991,2.7565982480008415
1,265,178,1174.217817,2,0,10,1188.9302734999987,-14.71245649999878
2,52,138,947.2171004,2,0,11,919.1710133629994,28.04608703700069
4,209,139,978.9824989,2,0,12,958.9153404600005,20.067158439999503
7,276,69,642.7439643,2,0,13,623.5814167140011,19.162547585998936
7,318,57,598.5524346,2,0,14,574.5648376050004,23.987596994999535
2,169,38,323.3776775,2,0,15,310.92163581300014,12.456041686999868
2,430,106,803.570694,2,0,16,775.7179182550001,27.852775744999917
2,138,19,153.3983667,2,0,17,204.48087761590006,-51.08251091590006
6,378,67,601.901102,2,0,18,603.156548321001,-1.2554463210009317
6,117,197,1285.407368,2,0,19,1281.17578669,4.2315813099999104
3,447,30,347.0682345,2,0,20,344.15580841899975,2.9124260810002625
3,406,37,444.9199013,2,0,21,391.55505307500033,53.36484822499966
2,147,43,335.5386453,2,0,22,356.4527234339998,-20.914078133999794
4,316,17,230.5230127,2,0,23,241.82186061899986,-11.298847918999854
1,154,196,1278.436004,2,1,0,1261.3269647900013,17.109039209998627
6,489,186,1381.358264,2,1,1,1359.9692024299993,21.38906157000065
4,372,88,729.8296048,2,1,2,713.4002764089994,16.42932839100058
5,172,154,990.4160939,2,1,3,1014.7043061849997,-24.28821228499976
6,78,197,1353.860129,2,1,4,1257.7712001699997,96.08892883000021
6,186,96,705.0445577,2,1,5,703.2017765289997,1.842781171000297
3,244,97,723.5386432,2,1,6,709.2715470090002,14.267096190999837
1,458,182,1320.113994,2,1,7,1291.6599378599994,28.454056140000603
1,275,78,630.1599824,2,1,8,617.6243800820001,12.53560231799986
7,381,169,1203.973136,2,1,9,1231.44551443,-27.472378429999935
7,219,181,1213.36448,2,1,10,1206.6447583300005,6.719721669999444
7,58,96,741.310398,2,1,11,715.4765853170004,25.833812682999564
7,89,110,795.9616743,2,1,12,805.4884045439992,-9.526730243999168
5,74,17,184.1735568,2,1,13,187.58202320900017,-3.4084664090001695
5,310,86,702.6365564,2,1,14,670.3632083029995,32.27334809700051
6,444,96,794.3136127,2,1,15,778.6636425359994,15.649970164000592
2,492,52,510.6397241,2,1,16,469.7663218870002,40.87340221299985
3,275,138,957.5094542,2,1,17,950.9116953570001,6.597758842999951
3,173,118,826.5716378,2,1,18,822.9086170490014,3.663020750998612
7,87,188,1232.264019,2,1,19,1239.7391102199983,-7.475091219998376
6,377,161,1211.83386,2,1,20,1182.7974927399994,29.03636726000059
4,300,161,1136.928701,2,1,21,1126.1248265599988,10.80387444000121
2,438,26,336.7889211,2,1,22,327.6292976819999,9.15962341800008
6,225,142,975.9699022,2,1,23,973.1287794489992,2.8411227510007393
2,139,157,1064.688972,2,2,0,1043.221334087001,21.467637912998953
2,451,30,344.888517,2,2,1,339.33597961799967,5.55253738200031
2,86,67,479.6414659,2,2,2,471.5746012660002,8.066864633999842
6,365,168,1197.815266,2,2,3,1194.0908059500007,3.7244600499993794
7,225,119,894.3266719,2,2,4,878.1869637799994,16.13970812000059
3,333,148,1041.813821,2,2,5,1041.2120415050015,0.6017794949984818
3,130,189,1133.402072,2,2,6,1222.5285555699995,-89.12648356999944
7,163,152,1083.373444,2,2,7,1062.6053964199991,20.76804758000094
2,89,144,979.6602439,2,2,8,966.6086731939992,13.051570706000803
4,350,37,403.1934078,2,2,9,404.967693905,-1.7742861049999874
1,273,60,428.1687525,2,2,10,458.68247238900045,-30.51371988900047
6,367,195,1389.598847,2,2,11,1368.13451459,21.464332409999997
1,398,14,250.1844159,2,2,12,257.17560964499967,-6.991193744999663
7,164,14,253.5739955,2,2,13,248.94821046199996,4.625785038000032
4,235,103,746.2761868,2,2,14,752.2505194910002,-5.9743326910002
6,372,105,824.3355232,2,2,15,833.0460130990009,-8.71048989900089
