TransactionID,Date,LaborHours,InventoryCost,FootTraffic,CustomerID,SalesAmount
1,2026-01-01 00:00:00,7,296,65,1,580.0218308115949
2,2026-01-01 01:00:00,4,155,49,2,378.97544441756753
3,2026-01-01 02:00:00,5,100,107,3,747.8933778970387
4,2026-01-01 03:00:00,7,130,49,4,412.56060367033996
5,2026-01-01 04:00:00,3,182,100,5,704.8205566986181
6,2026-01-01 05:00:00,5,334,42,6,434.5720194876406
7,2026-01-01 06:00:00,5,437,15,7,270.2584889292977
8,2026-01-01 07:00:00,7,187,156,8,1070.6861410553277
9,2026-01-01 08:00:00,2,233,89,9,662.7659806378535
10,2026-01-01 09:00:00,3,450,177,10,1240.414201371261
11,2026-01-01 10:00:00,7,379,101,11,801.2693871220533
12,2026-01-01 11:00:00,3,322,106,12,766.4848109493145
13,2026-01-01 12:00:00,3,389,68,13,539.3821773988018
14,2026-01-01 13:00:00,5,118,68,14,516.3844925801425
15,2026-01-01 14:00:00,4,83,57,15,451.84884922993405
16,2026-01-01 15:00:00,3,311,178,16,1205.469879972172
17,2026-01-01 16:00:00,6,102,22,17,323.5090033102615
18,2026-01-01 17:00:00,5,499,116,18,933.3407870414701
19,2026-01-01 18:00:00,2,254,54,19,437.0986334352664
20,2026-01-01 19:00:00,4,175,98,20,673.2509360710259
21,2026-01-01 20:00:00,6,284,190,21,1308.04399659472
22,2026-01-01 21:00:00,6,92,179,22,1168.2295847089893
23,2026-01-01 22:00:00,2,289,109,23,705.7306431478763
24,2026-01-01 23:00:00,4,420,164,24,1199.2278666638642
25,2026-01-02 00:00:00,5,160,175,25,1157.656483333493
26,2026-01-02 01:00:00,1,298,197,26,1263.5879977700008
27,2026-01-02 02:00:00,4,200,16,27,222.31710101875393
28,2026-01-02 03:00:00,2,232,142,28,966.9749865666455
29,2026-01-02 04:00:00,6,385,54,29,519.8767550128116
30,2026-01-02 05:00:00,5,144,67,30,520.1219499717295
31,2026-01-02 06:00:00,4,423,40,31,449.28562221943207
32,2026-01-02 07:00:00,1,449,32,32,330.89419216170154
33,2026-01-02 08:00:00,1,57,179,33,1115.1700122528998
34,2026-01-02 09:00:00,3,437,147,34,1008.3226614483254
35,2026-01-02 10:00:00,3,409,169,35,1144.4604300471676
36,2026-01-02 11:00:00,7,437,116,36,950.2661933424122
37,2026-01-02 12:00:00,2,233,190,37,1201.0932408249812
38,2026-01-02 13:00:00,4,330,167,38,1168.0241264133988
39,2026-01-02 14:00:00,4,244,48,39,416.7900365340878
40,2026-01-02 15:00:00,7,401,168,40,1222.365982124393
41,2026-01-02 16:00:00,6,244,91,41,684.3461169309682
42,2026-01-02 17:00:00,6,204,109,42,832.4802005431613
43,2026-01-02 18:00:00,7,142,11,43,265.4967346355951
44,2026-01-02 19:00:00,6,209,86,44,677.7057648780059
45,2026-01-02 20:00:00,3,483,21,45,325.5747214701845
46,2026-01-02 21:00:00,4,110,48,46,360.53008110427515
47,2026-01-02 22:00:00,7,171,22,47,252.4170830452686
48,2026-01-02 23:00:00,4,100,55,48,418.80783285581475
49,2026-01-03 00:00:00,1,452,164,49,1105.3875105612576
50,2026-01-03 01:00:00,3,326,122,50,821.6216961505253
51,2026-01-03 02:00:00,5,54,26,51,271.30337437096745
52,2026-01-03 03:00:00,3,141,113,52,790.865003647555
53,2026-01-03 04:00:00,7,219,107,53,786.9348368114072
54,2026-01-03 05:00:00,5,366,197,54,1374.1189296383773
55,2026-01-03 06:00:00,1,71,97,55,648.3585680337529
56,2026-01-03 07:00:00,7,454,118,56,955.3508006118564
57,2026-01-03 08:00:00,2,375,172,57,1138.705360617038
58,2026-01-03 09:00:00,4,50,79,58,542.0131976028871
59,2026-01-03 10:00:00,1,182,167,59,1111.4042826012596
60,2026-01-03 11:00:00,4,282,83,60,650.0107993081534
61,2026-01-03 12:00:00,6,61,72,61,556.4739630954841
62,2026-01-03 13:00:00,2,395,165,62,1148.7488765810733
63,2026-01-03 14:00:00,2,95,69,63,446.8346592606524
64,2026-01-03 15:00:00,1,83,88,64,549.2746434215208
65,2026-01-03 16:00:00,2,482,46,65,460.7659547115523
66,2026-01-03 17:00:00,5,127,31,66,323.60615340061224
67,2026-01-03 18:00:00,2,267,157,67,1085.0971485275363
68,2026-01-03 19:00:00,4,350,105,68,769.2568336569542
69,2026-01-03 20:00:00,4,460,77,69,672.9936160403158
70,2026-01-03 21:00:00,7,122,26,70,333.2113233515693
71,2026-01-03 22:00:00,4,331,21,71,255.68754689135935
72,2026-01-03 23:00:00,7,298,159,72,1193.0024140739934
73,2026-01-04 00:00:00,4,96,154,73,1061.9682248203258
74,2026-01-04 01:00:00,5,170,147,74,1086.7525901886497
75,2026-01-04 02:00:00,7,263,127,75,952.8280032248998
76,2026-01-04 03:00:00,3,288,31,76,324.49274028787346
77,2026-01-04 04:00:00,6,105,129,77,920.3098316735195
78,2026-01-04 05:00:00,1,399,59,78,512.6340801914824
79,2026-01-04 06:00:00,4,156,23,79,278.5910058298682
80,2026-01-04 07:00:00,2,368,184,80,1267.9209954139533
81,2026-01-04 08:00:00,4,97,38,81,313.91814272885887
82,2026-01-04 09:00:00,2,110,173,82,1137.659913629205
83,2026-01-04 10:00:00,6,386,189,83,1307.6623755092182
84,2026-01-04 11:00:00,6,75,134,84,916.6755701017613
85,2026-01-04 12:00:00,6,341,16,85,335.212068481494
86,2026-01-04 13:00:00,2,306,38,86,312.2926050563904
87,2026-01-04 14:00:00,4,57,148,87,944.7757302900851
88,2026-01-04 15:00:00,6,162,42,88,410.75241873231874
89,2026-01-04 16:00:00,5,404,143,89,1066.0173591970847
90,2026-01-04 17:00:00,7,302,120,90,889.3492377703127
91,2026-01-04 18:00:00,2,229,88,91,614.2141799180959
92,2026-01-04 19:00:00,2,256,169,92,1085.3765381204898
93,2026-01-04 20:00:00,4,352,188,93,1323.0145499856171
94,2026-01-04 21:00:00,2,176,67,94,477.1235592698841
95,2026-01-04 22:00:00,2,105,35,95,325.26467732281895
96,2026-01-04 23:00:00,6,263,183,96,1269.3330073212007
97,2026-01-05 00:00:00,4,63,38,97,300.30779089791366
98,2026-01-05 01:00:00,6,77,13,98,181.59534716124605
99,2026-01-05 02:00:00,7,127,108,99,783.7740049442272
100,2026-01-05 03:00:00,7,265,150,100,1087.824632854014
101,2026-01-05 04:00:00,6,435,48,101,583.8722272973496
102,2026-01-05 05:00:00,7,414,24,102,363.0342098970192
103,2026-01-05 06:00:00,4,203,128,103,879.7093961768607
104,2026-01-05 07:00:00,1,63,38,104,263.86781537049535
105,2026-01-05 08:00:00,6,236,166,105,1189.5082351903277
106,2026-01-05 09:00:00,5,361,84,106,644.6704631678166
107,2026-01-05 10:00:00,5,420,125,107,964.6527821072893
108,2026-01-05 11:00:00,2,56,41,108,268.27724471936517
109,2026-01-05 12:00:00,7,52,139,109,971.1981806685285
110,2026-01-05 13:00:00,5,160,184,110,1212.1872017291864
111,2026-01-05 14:00:00,2,456,93,111,655.6769298072813
112,2026-01-05 15:00:00,1,287,31,112,298.1873280806246
113,2026-01-05 16:00:00,4,412,36,113,410.4343431104061
114,2026-01-05 17:00:00,4,288,90,114,669.0275907456171
115,2026-01-05 18:00:00,4,323,135,115,947.74968419571
116,2026-01-05 19:00:00,5,343,193,116,1296.5588182473705
117,2026-01-05 20:00:00,1,276,101,117,726.992998246166
118,2026-01-05 21:00:00,5,420,30,118,407.46647347400426
119,2026-01-05 22:00:00,7,64,56,119,433.8284734447233
120,2026-01-05 23:00:00,5,241,110,120,791.1019662138344
121,2026-01-06 00:00:00,1,168,196,121,1239.5013263658311
122,2026-01-06 01:00:00,1,77,93,122,664.2259584310664
123,2026-01-06 02:00:00,7,251,15,123,286.65365242766796
124,2026-01-06 03:00:00,1,88,156,124,949.0975345497486
125,2026-01-06 04:00:00,1,490,194,125,1335.113409284715
126,2026-01-06 05:00:00,4,322,140,126,955.2992537808576
127,2026-01-06 06:00:00,7,280,10,127,270.5397092974851
128,2026-01-06 07:00:00,3,135,67,128,537.7664218063346
129,2026-01-06 08:00:00,3,175,133,129,945.8937505525188
130,2026-01-06 09:00:00,1,349,175,130,1191.7468051042301
131,2026-01-06 10:00:00,3,74,24,131,193.6976293239561
132,2026-01-06 11:00:00,3,194,171,132,1090.1729473045762
133,2026-01-06 12:00:00,1,62,198,133,1179.5938486989266
134,2026-01-06 13:00:00,3,261,172,134,1071.1134867150436
135,2026-01-06 14:00:00,5,74,73,135,556.0156728902377
136,2026-01-06 15:00:00,2,117,34,136,266.01493439326805
137,2026-01-06 16:00:00,7,443,33,137,463.1764849935938
138,2026-01-06 17:00:00,2,116,21,138,233.64094455704367
139,2026-01-06 18:00:00,1,282,27,139,264.5971663170723
140,2026-01-06 19:00:00,4,158,24,140,255.77884829139452
141,2026-01-06 20:00:00,7,195,36,141,365.570389665076
142,2026-01-06 21:00:00,1,160,81,142,538.6174674848278
143,2026-01-06 22:00:00,4,277,69,143,578.954097374188
144,2026-01-06 23:00:00,2,160,183,144,1170.7687490890407
145,2026-01-07 00:00:00,1,83,154,145,954.3297699974153
146,2026-01-07 01:00:00,7,160,102,146,764.4504942167144
147,2026-01-07 02:00:00,7,313,62,147,597.4899058818477
148,2026-01-07 03:00:00,6,473,17,148,313.1201532650969
149,2026-01-07 04:00:00,5,418,88,149,726.404144473439
150,2026-01-07 05:00:00,3,285,36,150,353.8583351333529
151,2026-01-07 06:00:00,4,132,183,151,1232.406657107557
152,2026-01-07 07:00:00,6,91,59,152,464.12109669601745
153,2026-01-07 08:00:00,3,474,140,153,1005.6652984184484
154,2026-01-07 09:00:00,3,150,102,154,687.4691716718294
155,2026-01-07 10:00:00,1,55,181,155,1149.0917229904614
156,2026-01-07 11:00:00,3,229,190,156,1314.699158958104
157,2026-01-07 12:00:00,5,331,33,157,332.88726558941903
158,2026-01-07 13:00:00,7,369,69,158,596.8409515479043
159,2026-01-07 14:00:00,6,275,131,159,953.4360963989357
160,2026-01-07 15:00:00,3,492,140,160,1035.9286828820411
161,2026-01-07 16:00:00,1,489,157,161,1127.3090869666498
162,2026-01-07 17:00:00,5,364,55,162,487.4660097419555
163,2026-01-07 18:00:00,2,414,24,163,266.3067289005161
164,2026-01-07 19:00:00,7,278,162,164,1164.542614594009
165,2026-01-07 20:00:00,7,426,26,165,381.04797839378494
166,2026-01-07 21:00:00,6,338,135,166,1029.2016299331458
167,2026-01-07 22:00:00,7,486,93,167,823.4207940957115
168,2026-01-07 23:00:00,3,199,18,168,229.36138042899654
169,2026-01-08 00:00:00,1,326,175,169,1159.665559608694
170,2026-01-08 01:00:00,7,247,185,170,1359.7674077570462
171,2026-01-08 02:00:00,7,119,197,171,1297.5675605521872
172,2026-01-08 03:00:00,2,161,72,172,528.6242950126433
173,2026-01-08 04:00:00,2,53,126,173,763.8093003878067
174,2026-01-08 05:00:00,4,399,139,174,981.4959696678164
175,2026-01-08 06:00:00,5,380,97,175,752.7796320370363
176,2026-01-08 07:00:00,3,495,81,176,728.3797000985408
177,2026-01-08 08:00:00,7,367,148,177,1111.0168329136204
178,2026-01-08 09:00:00,7,399,73,178,644.9856579436688
179,2026-01-08 10:00:00,1,144,81,179,555.4330897786373
180,2026-01-08 11:00:00,4,201,30,180,301.3544364427353
181,2026-01-08 12:00:00,5,360,27,181,330.2407989258264
182,2026-01-08 13:00:00,4,186,73,182,511.90113432635314
183,2026-01-08 14:00:00,6,296,91,183,767.9562745353686
184,2026-01-08 15:00:00,5,436,119,184,926.0945438613012
185,2026-01-08 16:00:00,7,292,104,185,881.8121512040472
186,2026-01-08 17:00:00,7,80,175,186,1207.2096486162263
187,2026-01-08 18:00:00,5,89,41,187,364.23959174283124
188,2026-01-08 19:00:00,7,278,20,188,295.343870141491
189,2026-01-08 20:00:00,3,85,54,189,361.6396330842925
190,2026-01-08 21:00:00,5,457,42,190,457.5680704653466
191,2026-01-08 22:00:00,4,272,111,191,773.8712221738251
192,2026-01-08 23:00:00,5,55,178,192,1179.0057114219226
193,2026-01-09 00:00:00,7,371,145,193,1135.279574930914
194,2026-01-09 01:00:00,3,269,20,194,237.87263201648608
195,2026-01-09 02:00:00,3,124,188,195,1238.534729171736
196,2026-01-09 03:00:00,6,53,97,196,667.2231278934943
197,2026-01-09 04:00:00,4,384,50,197,466.12599485377945
198,2026-01-09 05:00:00,2,183,154,198,984.4510804630366
199,2026-01-09 06:00:00,2,167,85,199,526.1060089478847
200,2026-01-09 07:00:00,5,418,130,200,979.3039995024417
201,2026-01-09 08:00:00,6,143,55,201,466.75355212793255
202,2026-01-09 09:00:00,1,484,169,202,1206.175829962849
203,2026-01-09 10:00:00,5,111,89,203,666.1631475800785
204,2026-01-09 11:00:00,6,490,63,204,639.2685869711698
205,2026-01-09 12:00:00,4,243,95,205,673.6789133064636
206,2026-01-09 13:00:00,4,384,101,206,794.9849191821208
207,2026-01-09 14:00:00,4,252,157,207,1125.0778189644477
208,2026-01-09 15:00:00,4,441,170,208,1223.6960355212723
209,2026-01-09 16:00:00,4,75,177,209,1199.35780839195
210,2026-01-09 17:00:00,6,484,169,210,1309.768983333596
211,2026-01-09 18:00:00,6,222,106,211,784.5459518912506
212,2026-01-09 19:00:00,3,349,11,212,194.79180764758283
213,2026-01-09 20:00:00,2,182,42,213,313.75613503743153
214,2026-01-09 21:00:00,7,375,167,214,1174.0159253969034
215,2026-01-09 22:00:00,4,459,170,215,1202.1479130175344
216,2026-01-09 23:00:00,1,167,86,216,617.3299634926874
217,2026-01-10 00:00:00,7,373,125,217,900.7788727424628
218,2026-01-10 01:00:00,6,324,163,218,1134.0763979785877
219,2026-01-10 02:00:00,1,261,159,219,1043.48605675044
220,2026-01-10 03:00:00,1,274,112,220,742.884443981349
221,2026-01-10 04:00:00,1,69,175,221,1069.8814216727935
222,2026-01-10 05:00:00,3,162,112,222,750.2301097673309
223,2026-01-10 06:00:00,6,189,99,223,732.9737933981476
224,2026-01-10 07:00:00,1,96,183,224,1119.9163591167078
225,2026-01-10 08:00:00,4,50,131,225,836.6636035843336
226,2026-01-10 09:00:00,5,139,152,226,1056.729292377637
227,2026-01-10 10:00:00,1,191,115,227,793.7896253358103
228,2026-01-10 11:00:00,3,369,128,228,882.2836996425777
229,2026-01-10 12:00:00,7,87,181,229,1134.3120780218135
230,2026-01-10 13:00:00,6,342,58,230,572.5012454871279
231,2026-01-10 14:00:00,3,431,113,231,815.4359874434358
232,2026-01-10 15:00:00,1,188,70,232,497.78234515379216
233,2026-01-10 16:00:00,6,405,132,233,956.5298438091535
234,2026-01-10 17:00:00,5,382,143,234,1086.5326495577901
235,2026-01-10 18:00:00,1,308,18,235,291.71003685904583
236,2026-01-10 19:00:00,3,210,15,236,203.4842072761601
237,2026-01-10 20:00:00,2,439,82,237,650.8769205462146
238,2026-01-10 21:00:00,4,227,112,238,790.4358127442981
239,2026-01-10 22:00:00,7,59,169,239,1160.1539793393874
240,2026-01-10 23:00:00,3,310,50,240,455.03060252803755
241,2026-01-11 00:00:00,6,456,123,241,994.9049536065859
242,2026-01-11 01:00:00,1,187,17,242,154.2625043220575
243,2026-01-11 02:00:00,4,221,81,243,622.5035311921393
244,2026-01-11 03:00:00,1,435,187,244,1251.225957998814
245,2026-01-11 04:00:00,6,62,101,245,682.8685305578983
246,2026-01-11 05:00:00,1,217,71,246,504.86953736989614
247,2026-01-11 06:00:00,2,179,93,247,614.0246180886876
248,2026-01-11 07:00:00,4,133,71,248,561.1118099322777
249,2026-01-11 08:00:00,4,370,120,249,865.1423886595253
250,2026-01-11 09:00:00,6,368,136,250,1027.3063782206207
251,2026-01-11 10:00:00,7,150,16,251,227.89733103720832
252,2026-01-11 11:00:00,2,378,93,252,709.7118825131254
253,2026-01-11 12:00:00,3,322,141,253,971.8801027963393
254,2026-01-11 13:00:00,1,314,143,254,929.483661754274
255,2026-01-11 14:00:00,5,448,67,255,625.9131822285553
256,2026-01-11 15:00:00,1,457,31,256,331.03753134260336
257,2026-01-11 16:00:00,1,87,163,257,1027.6795482216737
258,2026-01-11 17:00:00,3,468,136,258,988.5347119310868
259,2026-01-11 18:00:00,1,143,12,259,90.06190458694644
260,2026-01-11 19:00:00,2,144,136,260,921.6953579116878
261,2026-01-11 20:00:00,2,354,50,261,458.30273266323263
262,2026-01-11 21:00:00,4,118,197,262,1260.3911707334028
263,2026-01-11 22:00:00,6,367,115,263,892.1933764049639
264,2026-01-11 23:00:00,7,493,23,264,422.1605844948881
265,2026-01-12 00:00:00,5,285,21,265,272.7888499241281
266,2026-01-12 01:00:00,1,483,96,266,726.8434648442834
267,2026-01-12 02:00:00,1,383,21,267,263.2089750002212
268,2026-01-12 03:00:00,3,422,150,268,1057.8272680933624
269,2026-01-12 04:00:00,6,425,34,269,447.21275990961067
270,2026-01-12 05:00:00,2,186,54,270,404.7329765907769
271,2026-01-12 06:00:00,5,467,131,271,977.5789237501808
272,2026-01-12 07:00:00,4,125,156,272,1051.7591648962198
273,2026-01-12 08:00:00,2,84,64,273,404.93608051705957
274,2026-01-12 09:00:00,6,50,109,274,819.4463568337264
275,2026-01-12 10:00:00,7,345,182,275,1347.974890907406
276,2026-01-12 11:00:00,4,369,145,276,1056.1048643076306
277,2026-01-12 12:00:00,7,455,128,277,1022.379930654597
278,2026-01-12 13:00:00,3,109,62,278,461.17324253457895
279,2026-01-12 14:00:00,3,369,192,279,1293.0271564224329
280,2026-01-12 15:00:00,1,398,41,280,389.3192893704252
281,2026-01-12 16:00:00,7,377,60,281,550.4060216862646
282,2026-01-12 17:00:00,6,316,53,282,517.9145525532055
283,2026-01-12 18:00:00,5,410,91,283,770.0354082909389
284,2026-01-12 19:00:00,4,278,155,284,1062.0574169705
285,2026-01-12 20:00:00,2,319,159,285,1061.8469461753584
286,2026-01-12 21:00:00,6,365,46,286,439.1256892605627
287,2026-01-12 22:00:00,6,335,105,287,864.2386570069707
288,2026-01-12 23:00:00,3,340,65,288,521.5300789847337
289,2026-01-13 00:00:00,7,262,114,289,861.6378289195013
290,2026-01-13 01:00:00,1,214,68,290,496.2046675498718
291,2026-01-13 02:00:00,1,54,140,291,879.6662292866981
292,2026-01-13 03:00:00,4,388,165,292,1188.7968028704322
293,2026-01-13 04:00:00,3,428,44,293,426.0201024048501
294,2026-01-13 05:00:00,6,127,198,294,1281.9399618458724
295,2026-01-13 06:00:00,5,459,102,295,785.2900407308306
296,2026-01-13 07:00:00,3,111,191,296,1206.9223430147147
297,2026-01-13 08:00:00,4,181,106,297,721.7444857597612
298,2026-01-13 09:00:00,4,138,144,298,956.2914988407672
299,2026-01-13 10:00:00,3,286,85,299,680.0273643227995
300,2026-01-13 11:00:00,4,91,58,300,423.98165382348935
301,2026-01-13 12:00:00,3,138,103,301,693.0704741599633
302,2026-01-13 13:00:00,2,451,168,302,1172.8080367123264
303,2026-01-13 14:00:00,3,345,195,303,1306.331250263638
304,2026-01-13 15:00:00,7,377,198,304,1404.078262928454
305,2026-01-13 16:00:00,3,344,33,305,362.42607667444037
306,2026-01-13 17:00:00,4,153,157,306,1074.4425316428994
307,2026-01-13 18:00:00,7,63,46,307,429.9963959921707
308,2026-01-13 19:00:00,4,337,13,308,300.8055666219306
309,2026-01-13 20:00:00,1,228,117,309,802.4807833851731
310,2026-01-13 21:00:00,1,174,135,310,944.2343670404794
311,2026-01-13 22:00:00,7,471,29,311,397.00554575821064
312,2026-01-13 23:00:00,2,402,197,312,1395.3385470727374
313,2026-01-14 00:00:00,1,72,161,313,991.1887183734124
314,2026-01-14 01:00:00,3,112,59,314,424.13943207710895
315,2026-01-14 02:00:00,4,192,186,315,1230.0038235773136
316,2026-01-14 03:00:00,1,202,188,316,1197.041378665238
317,2026-01-14 04:00:00,1,194,105,317,705.7752119017952
318,2026-01-14 05:00:00,2,274,114,318,778.7991599253469
319,2026-01-14 06:00:00,7,499,173,319,1317.5988651921411
320,2026-01-14 07:00:00,7,358,126,320,951.8149489613646
321,2026-01-14 08:00:00,6,153,107,321,797.5683119475867
322,2026-01-14 09:00:00,2,153,75,322,571.7317085857129
323,2026-01-14 10:00:00,3,484,88,323,707.4869289057679
324,2026-01-14 11:00:00,7,88,171,324,1181.2315025393755
325,2026-01-14 12:00:00,4,484,173,325,1259.9747786670955
326,2026-01-14 13:00:00,2,247,15,326,261.6866064665925
327,2026-01-14 14:00:00,1,183,48,327,342.7550830546515
328,2026-01-14 15:00:00,4,116,179,328,1192.6521485041735
329,2026-01-14 16:00:00,4,440,124,329,887.2196672467035
330,2026-01-14 17:00:00,1,228,195,330,1238.5242476778958
331,2026-01-14 18:00:00,2,91,134,331,871.9017851279071
332,2026-01-14 19:00:00,1,497,21,332,331.89479907269344
333,2026-01-14 20:00:00,6,64,140,333,912.4219990504739
334,2026-01-14 21:00:00,4,160,27,334,293.5827192222333
335,2026-01-14 22:00:00,5,206,49,335,428.9032963055112
336,2026-01-14 23:00:00,5,338,30,336,310.7541703982306
337,2026-01-15 00:00:00,3,280,152,337,1046.4476053784638
338,2026-01-15 01:00:00,7,460,108,338,942.2748369893463
339,2026-01-15 02:00:00,1,469,35,339,332.0873202026515
340,2026-01-15 03:00:00,1,206,17,340,175.5018685388945
341,2026-01-15 04:00:00,3,87,109,341,695.5008304608131
342,2026-01-15 05:00:00,3,490,96,342,753.9425120426995
343,2026-01-15 06:00:00,3,146,51,343,437.765104305739
344,2026-01-15 07:00:00,4,460,181,344,1275.8542657352584
345,2026-01-15 08:00:00,6,488,23,345,416.44697212545975
346,2026-01-15 09:00:00,1,338,87,346,671.6716214379476
347,2026-01-15 10:00:00,4,303,11,347,206.01786259546654
348,2026-01-15 11:00:00,3,245,128,348,871.422016181813
349,2026-01-15 12:00:00,1,135,46,349,304.62003579556495
350,2026-01-15 13:00:00,4,371,78,350,611.3735641741978
351,2026-01-15 14:00:00,6,59,175,351,1168.2962218352354
352,2026-01-15 15:00:00,4,54,50,352,375.606440543551
353,2026-01-15 16:00:00,6,172,71,353,548.8918369521239
354,2026-01-15 17:00:00,3,379,69,354,526.2371123363017
355,2026-01-15 18:00:00,6,402,134,355,1017.7853630346664
356,2026-01-15 19:00:00,1,167,120,356,771.01343462816
357,2026-01-15 20:00:00,3,343,23,357,280.04106913253713
358,2026-01-15 21:00:00,1,446,93,358,715.9398548609424
359,2026-01-15 22:00:00,5,208,139,359,896.345914158364
360,2026-01-15 23:00:00,2,352,79,360,563.6017618887263
361,2026-01-16 00:00:00,6,277,154,361,1165.9932923041556
362,2026-01-16 01:00:00,2,414,132,362,931.0016847990115
363,2026-01-16 02:00:00,2,265,98,363,621.9770069280742
364,2026-01-16 03:00:00,6,485,37,364,414.00179461451245
365,2026-01-16 04:00:00,3,233,75,365,639.4340210592429
366,2026-01-16 05:00:00,5,64,172,366,1105.110076191905
367,2026-01-16 06:00:00,1,206,14,367,195.5704573469147
368,2026-01-16 07:00:00,4,185,177,368,1181.133539950116
369,2026-01-16 08:00:00,1,310,193,369,1251.4509888750308
370,2026-01-16 09:00:00,4,206,173,370,1183.0633641228928
371,2026-01-16 10:00:00,1,96,54,371,296.26929973931135
372,2026-01-16 11:00:00,6,373,160,372,1118.666021404302
373,2026-01-16 12:00:00,5,381,56,373,510.52946963581314
374,2026-01-16 13:00:00,4,222,40,374,326.3128680519118
375,2026-01-16 14:00:00,7,179,148,375,1029.2766663448808
376,2026-01-16 15:00:00,3,460,19,376,322.61139137048485
377,2026-01-16 16:00:00,1,144,127,377,824.1641016400795
378,2026-01-16 17:00:00,1,164,23,378,242.11851106528766
379,2026-01-16 18:00:00,4,292,89,379,687.4612585305523
380,2026-01-16 19:00:00,3,469,102,380,827.4738249448359
381,2026-01-16 20:00:00,3,341,19,381,259.3778909961451
382,2026-01-16 21:00:00,6,331,85,382,681.5917354992065
383,2026-01-16 22:00:00,7,348,103,383,871.8170416662566
384,2026-01-16 23:00:00,6,332,114,384,852.319491361918
385,2026-01-17 00:00:00,6,118,10,385,195.71534469372898
386,2026-01-17 01:00:00,6,197,142,386,1024.1669208967342
387,2026-01-17 02:00:00,6,60,29,387,307.2447811341257
388,2026-01-17 03:00:00,6,303,17,388,247.93671989339938
389,2026-01-17 04:00:00,5,379,180,389,1300.258512174848
390,2026-01-17 05:00:00,3,409,10,390,198.33134261678188
391,2026-01-17 06:00:00,6,87,66,391,536.4211096604998
392,2026-01-17 07:00:00,3,183,73,392,553.9552041314729
393,2026-01-17 08:00:00,3,249,127,393,906.258919853397
394,2026-01-17 09:00:00,2,72,37,394,237.4498943670292
395,2026-01-17 10:00:00,5,352,130,395,978.2378922820318
396,2026-01-17 11:00:00,6,395,116,396,937.0678102922451
397,2026-01-17 12:00:00,1,351,174,397,1170.1018734948523
398,2026-01-17 13:00:00,4,412,184,398,1263.0414996118625
399,2026-01-17 14:00:00,7,445,174,399,1310.0924284298396
400,2026-01-17 15:00:00,1,267,58,400,446.51758884302313
401,2026-01-17 16:00:00,5,190,129,401,855.7666720851691
402,2026-01-17 17:00:00,4,153,53,402,397.01431613050016
403,2026-01-17 18:00:00,5,495,65,403,597.7111640631908
404,2026-01-17 19:00:00,3,259,165,404,1157.8745486291898
405,2026-01-17 20:00:00,4,160,120,405,867.9054925891865
406,2026-01-17 21:00:00,3,153,143,406,988.7090559317003
407,2026-01-17 22:00:00,1,365,117,407,833.470808330516
408,2026-01-17 23:00:00,1,220,198,408,1296.407843753376
409,2026-01-18 00:00:00,4,405,157,409,1089.2766177394233
410,2026-01-18 01:00:00,4,373,123,410,910.1040929517831
411,2026-01-18 02:00:00,6,182,87,411,680.1489810494879
412,2026-01-18 03:00:00,5,425,139,412,1004.2530282807264
413,2026-01-18 04:00:00,6,342,46,413,474.8973626892561
414,2026-01-18 05:00:00,5,377,29,414,412.6991755741303
415,2026-01-18 06:00:00,6,176,35,415,369.5630935368188
416,2026-01-18 07:00:00,3,155,38,416,347.0263561999236
417,2026-01-18 08:00:00,4,141,10,417,88.72779229703214
418,2026-01-18 09:00:00,1,336,128,418,930.5390654745877
419,2026-01-18 10:00:00,5,427,44,419,461.5163295674349
420,2026-01-18 11:00:00,5,442,68,420,592.5394105778987
421,2026-01-18 12:00:00,1,100,78,421,507.7608644457021
422,2026-01-18 13:00:00,6,78,170,422,1088.8493352515732
423,2026-01-18 14:00:00,5,345,188,423,1337.9382618525642
424,2026-01-18 15:00:00,7,346,21,424,324.73812831678623
425,2026-01-18 16:00:00,3,263,29,425,275.7410756392179
426,2026-01-18 17:00:00,4,316,190,426,1289.758348029349
427,2026-01-18 18:00:00,1,456,52,427,497.3404696372842
428,2026-01-18 19:00:00,4,306,135,428,965.7437520234366
429,2026-01-18 20:00:00,7,351,59,429,522.0091869139959
430,2026-01-18 21:00:00,5,150,38,430,361.94942489223246
431,2026-01-18 22:00:00,5,454,194,431,1347.3306013703213
432,2026-01-18 23:00:00,7,395,48,432,446.8169690587555
433,2026-01-19 00:00:00,1,159,193,433,1265.5802163815154
434,2026-01-19 01:00:00,3,469,180,434,1279.4168962448307
435,2026-01-19 02:00:00,2,231,187,435,1218.9518800858975
436,2026-01-19 03:00:00,1,362,160,436,1073.231714559099
437,2026-01-19 04:00:00,2,50,181,437,1172.9123850219994
438,2026-01-19 05:00:00,7,368,47,438,590.0146545059522
439,2026-01-19 06:00:00,6,487,93,439,807.5634155569956
440,2026-01-19 07:00:00,2,104,160,440,990.3109595301638
441,2026-01-19 08:00:00,3,420,137,441,988.3660344339607
442,2026-01-19 09:00:00,6,473,135,442,1054.8171801628216
443,2026-01-19 10:00:00,2,448,54,443,417.914150790244
444,2026-01-19 11:00:00,7,198,61,444,540.4349760533435
445,2026-01-19 12:00:00,6,480,89,445,781.0927538847924
446,2026-01-19 13:00:00,7,358,187,446,1374.1902659396167
447,2026-01-19 14:00:00,2,186,133,447,920.4636990711915
448,2026-01-19 15:00:00,7,251,128,448,951.635164808686
449,2026-01-19 16:00:00,3,485,17,449,337.93910719741075
450,2026-01-19 17:00:00,2,362,94,450,763.6703495711627
451,2026-01-19 18:00:00,2,166,138,451,908.6385436573338
452,2026-01-19 19:00:00,2,203,17,452,205.44561235403248
453,2026-01-19 20:00:00,1,474,166,453,1100.1810794066828
454,2026-01-19 21:00:00,1,340,105,454,703.4708021267674
455,2026-01-19 22:00:00,1,112,111,455,689.4541105797144
456,2026-01-19 23:00:00,3,293,14,456,203.59145086448837
457,2026-01-20 00:00:00,6,74,95,457,649.3163092578579
458,2026-01-20 01:00:00,7,139,184,458,1249.6201376406827
459,2026-01-20 02:00:00,5,124,43,459,357.78872496976146
460,2026-01-20 03:00:00,2,343,64,460,549.0268569401884
461,2026-01-20 04:00:00,7,435,128,461,989.2567906354888
462,2026-01-20 05:00:00,2,440,180,462,1173.398461553535
463,2026-01-20 06:00:00,3,259,167,463,1128.4725351760626
464,2026-01-20 07:00:00,2,467,123,464,907.6740592676598
465,2026-01-20 08:00:00,1,396,154,465,1031.938503557865
466,2026-01-20 09:00:00,5,66,35,466,307.64999650491114
467,2026-01-20 10:00:00,4,177,145,467,950.8420623532099
468,2026-01-20 11:00:00,2,476,56,468,518.6951986087003
469,2026-01-20 12:00:00,7,492,122,469,1063.5877331078955
470,2026-01-20 13:00:00,1,413,85,470,594.731835812797
471,2026-01-20 14:00:00,4,300,81,471,620.5127373897252
472,2026-01-20 15:00:00,5,228,98,472,711.1048463565259
473,2026-01-20 16:00:00,4,231,55,473,446.3022034953737
474,2026-01-20 17:00:00,1,201,42,474,357.8977373879092
475,2026-01-20 18:00:00,6,74,10,475,188.48479677957073
476,2026-01-20 19:00:00,6,229,156,476,1120.1629950781928
477,2026-01-20 20:00:00,4,247,40,477,375.01486514260796
478,2026-01-20 21:00:00,3,393,151,478,1029.2370204016543
479,2026-01-20 22:00:00,7,210,62,479,506.5594391622006
480,2026-01-20 23:00:00,7,226,57,480,537.1877912239977
481,2026-01-21 00:00:00,4,334,78,481,633.3249569523989
482,2026-01-21 01:00:00,2,112,114,482,785.4062221823651
483,2026-01-21 02:00:00,2,199,99,483,692.497863097404
484,2026-01-21 03:00:00,7,203,199,484,1324.4095502000364
485,2026-01-21 04:00:00,7,205,72,485,582.8429455745054
486,2026-01-21 05:00:00,6,419,82,486,724.644424490488
487,2026-01-21 06:00:00,3,98,170,487,1115.7099748871588
488,2026-01-21 07:00:00,1,386,178,488,1224.4532589646406
489,2026-01-21 08:00:00,2,133,98,489,626.4442766038442
490,2026-01-21 09:00:00,7,410,185,490,1301.9690950176923
491,2026-01-21 10:00:00,6,226,22,491,284.1059244075774
492,2026-01-21 11:00:00,5,197,82,492,669.3022054960037
493,2026-01-21 12:00:00,6,167,86,493,635.2839503757594
494,2026-01-21 13:00:00,2,391,168,494,1168.9491567180291
495,2026-01-21 14:00:00,2,112,77,495,539.251834168169
496,2026-01-21 15:00:00,6,238,107,496,826.2231824901183
497,2026-01-21 16:00:00,1,409,134,497,991.6332076184464
498,2026-01-21 17:00:00,4,98,111,498,802.2571927429832
499,2026-01-21 18:00:00,2,376,141,499,970.9618249848148
500,2026-01-21 19:00:00,6,306,111,500,784.8631367607397
501,2026-01-21 20:00:00,7,273,28,501,334.5441199390577
502,2026-01-21 21:00:00,6,190,91,502,695.2701688214171
503,2026-01-21 22:00:00,3,264,150,503,1013.3506416694304
504,2026-01-21 23:00:00,4,484,32,504,456.23696828784404
505,2026-01-22 00:00:00,5,428,92,505,755.9634091294935
506,2026-01-22 01:00:00,1,489,118,506,889.3113564076858
507,2026-01-22 02:00:00,5,260,84,507,663.5164292894203
508,2026-01-22 03:00:00,4,367,138,508,987.7010044952754
509,2026-01-22 04:00:00,4,81,97,509,608.55564966112
510,2026-01-22 05:00:00,4,207,63,510,497.74147084375545
511,2026-01-22 06:00:00,5,334,98,511,860.8394187946238
512,2026-01-22 07:00:00,7,354,152,512,1085.866248004865
513,2026-01-22 08:00:00,4,478,74,513,592.9538086687733
514,2026-01-22 09:00:00,6,335,85,514,758.5916790770673
515,2026-01-22 10:00:00,5,193,152,515,1067.1624890960802
516,2026-01-22 11:00:00,4,473,158,516,1155.5225964157032
517,2026-01-22 12:00:00,6,68,156,517,1087.280215871012
518,2026-01-22 13:00:00,7,67,69,518,514.1549417113172
519,2026-01-22 14:00:00,3,306,102,519,745.6021571725604
520,2026-01-22 15:00:00,7,127,170,520,1191.7546235070247
521,2026-01-22 16:00:00,4,420,58,521,597.3106310346119
522,2026-01-22 17:00:00,5,224,44,522,371.14367056030176
523,2026-01-22 18:00:00,2,243,181,523,1227.3220337568118
524,2026-01-22 19:00:00,4,162,111,524,786.0551718252295
525,2026-01-22 20:00:00,2,163,20,525,203.7918320228825
526,2026-01-22 21:00:00,6,271,108,526,819.0681233323578
527,2026-01-22 22:00:00,3,215,119,527,781.9606013791619
528,2026-01-22 23:00:00,1,484,83,528,687.092669946391
529,2026-01-23 00:00:00,7,368,183,529,1289.9319293902101
530,2026-01-23 01:00:00,3,181,18,530,174.9092789249296
531,2026-01-23 02:00:00,4,434,12,531,288.7637687670101
532,2026-01-23 03:00:00,2,313,94,532,711.5740207544003
533,2026-01-23 04:00:00,7,462,35,533,455.9700025083319
534,2026-01-23 05:00:00,2,104,81,534,579.5863086243493
535,2026-01-23 06:00:00,5,408,57,535,582.1780974443734
536,2026-01-23 07:00:00,2,180,165,536,1113.2467223347662
537,2026-01-23 08:00:00,5,337,126,537,916.2516307979406
538,2026-01-23 09:00:00,6,315,163,538,1192.9231479383914
539,2026-01-23 10:00:00,7,415,162,539,1207.8492293252596
540,2026-01-23 11:00:00,7,211,21,540,346.0772331105712
541,2026-01-23 12:00:00,1,429,142,541,991.9881499119848
542,2026-01-23 13:00:00,4,136,57,542,432.1058508789501
543,2026-01-23 14:00:00,5,104,46,543,363.7860936947137
544,2026-01-23 15:00:00,1,337,53,544,439.7786368270667
545,2026-01-23 16:00:00,2,227,24,545,256.1017640277631
546,2026-01-23 17:00:00,2,440,52,546,488.5788684878181
547,2026-01-23 18:00:00,1,398,185,547,1254.8751762093557
548,2026-01-23 19:00:00,7,57,96,548,718.2311103803942
549,2026-01-23 20:00:00,2,370,79,549,608.323744922568
550,2026-01-23 21:00:00,6,362,55,550,502.4245405322439
551,2026-01-23 22:00:00,6,296,117,551,852.0051600925905
552,2026-01-23 23:00:00,1,372,132,552,947.851532859104
553,2026-01-24 00:00:00,5,492,180,553,1316.7096693158487
554,2026-01-24 01:00:00,5,304,30,554,290.52486687149025
555,2026-01-24 02:00:00,1,377,160,555,1121.0026028039981
556,2026-01-24 03:00:00,5,103,116,556,858.3130543920796
557,2026-01-24 04:00:00,7,298,89,557,706.922494477244
558,2026-01-24 05:00:00,7,288,56,558,537.4848013882812
559,2026-01-24 06:00:00,5,278,126,559,900.1962571910292
560,2026-01-24 07:00:00,6,116,133,560,941.649207764135
561,2026-01-24 08:00:00,5,100,152,561,982.0197333277432
562,2026-01-24 09:00:00,7,146,34,562,350.6566302870366
563,2026-01-24 10:00:00,3,141,45,563,386.7394238399634
564,2026-01-24 11:00:00,4,313,60,564,550.9713521789652
565,2026-01-24 12:00:00,2,467,24,565,326.8948745675907
566,2026-01-24 13:00:00,3,340,77,566,598.8286409037079
567,2026-01-24 14:00:00,5,145,30,567,250.72196746969175
568,2026-01-24 15:00:00,6,137,150,568,1008.3735086628215
569,2026-01-24 16:00:00,1,127,28,569,207.02179785735657
570,2026-01-24 17:00:00,5,337,43,570,413.1679865009516
571,2026-01-24 18:00:00,6,169,87,571,664.4865890494085
572,2026-01-24 19:00:00,4,351,134,572,959.0433679148614
573,2026-01-24 20:00:00,5,449,126,573,970.8636411700634
574,2026-01-24 21:00:00,7,214,61,574,571.27881903143
575,2026-01-24 22:00:00,1,231,36,575,288.10613336311917
576,2026-01-24 23:00:00,6,447,166,576,1178.6139906823732
577,2026-01-25 00:00:00,6,272,165,577,1140.5487720562537
578,2026-01-25 01:00:00,6,360,44,578,479.50765409919813
579,2026-01-25 02:00:00,4,481,145,579,1094.63831354858
580,2026-01-25 03:00:00,5,56,153,580,1021.982555910487
581,2026-01-25 04:00:00,4,379,115,581,902.7221191766405
582,2026-01-25 05:00:00,2,312,173,582,1156.0091079036904
583,2026-01-25 06:00:00,2,210,167,583,1156.5649844402797
584,2026-01-25 07:00:00,5,200,155,584,1089.5456140831773
585,2026-01-25 08:00:00,7,134,11,585,135.49537589376365
586,2026-01-25 09:00:00,4,196,186,586,1288.819758898907
587,2026-01-25 10:00:00,1,161,86,587,556.2904016959283
588,2026-01-25 11:00:00,6,430,141,588,1033.976964316292
589,2026-01-25 12:00:00,6,452,99,589,835.3131332949869
590,2026-01-25 13:00:00,5,85,98,590,636.3545858299037
591,2026-01-25 14:00:00,7,334,103,591,802.3359230603517
592,2026-01-25 15:00:00,2,237,16,592,243.8129562187262
593,2026-01-25 16:00:00,2,131,104,593,709.986527369925
594,2026-01-25 17:00:00,6,51,117,594,831.6671934281766
595,2026-01-25 18:00:00,5,434,83,595,683.4926819850758
596,2026-01-25 19:00:00,4,352,48,596,407.4489000309569
597,2026-01-25 20:00:00,2,246,150,597,1025.004522879412
598,2026-01-25 21:00:00,4,453,168,598,1231.8076846872586
599,2026-01-25 22:00:00,7,60,80,599,629.5498015824332
600,2026-01-25 23:00:00,2,283,65,600,511.1720769035359
601,2026-01-26 00:00:00,2,435,179,601,1205.487952695838
602,2026-01-26 01:00:00,3,244,198,602,1379.333087641792
603,2026-01-26 02:00:00,2,168,51,603,400.79362328952527
604,2026-01-26 03:00:00,1,445,193,604,1301.283400752325
605,2026-01-26 04:00:00,5,69,45,605,360.61652287549896
606,2026-01-26 05:00:00,5,310,93,606,730.4879243422066
607,2026-01-26 06:00:00,4,342,127,607,956.6882478647394
608,2026-01-26 07:00:00,7,471,16,608,347.9888436991635
609,2026-01-26 08:00:00,2,305,63,609,525.255394603425
610,2026-01-26 09:00:00,1,271,138,610,928.8419306367962
611,2026-01-26 10:00:00,4,442,181,611,1275.2293832558885
612,2026-01-26 11:00:00,3,275,129,612,920.7375117998516
613,2026-01-26 12:00:00,4,102,182,613,1200.6985810102137
614,2026-01-26 13:00:00,4,477,115,614,888.0109764271454
615,2026-01-26 14:00:00,2,404,56,615,464.7237912685722
616,2026-01-26 15:00:00,3,391,132,616,964.5518674422129
617,2026-01-26 16:00:00,4,413,150,617,1086.2504600688778
618,2026-01-26 17:00:00,1,329,128,618,865.0538486168773
619,2026-01-26 18:00:00,1,130,159,619,982.7279855238961
620,2026-01-26 19:00:00,5,251,127,620,924.6142753168336
621,2026-01-26 20:00:00,3,207,30,621,303.60285171083086
622,2026-01-26 21:00:00,3,169,146,622,960.8990365603543
623,2026-01-26 22:00:00,5,108,35,623,300.0018889226122
624,2026-01-26 23:00:00,4,264,18,624,222.29234432888427
625,2026-01-27 00:00:00,3,177,24,625,253.56764817434757
626,2026-01-27 01:00:00,1,273,19,626,186.78068779077788
627,2026-01-27 02:00:00,1,258,131,627,945.6340370706218
628,2026-01-27 03:00:00,2,419,130,628,923.3915569208701
629,2026-01-27 04:00:00,3,164,134,629,825.443571663822
630,2026-01-27 05:00:00,4,258,179,630,1210.494850001126
631,2026-01-27 06:00:00,5,63,81,631,577.7089956054359
632,2026-01-27 07:00:00,5,58,161,632,1091.7515570257258
633,2026-01-27 08:00:00,4,89,58,633,443.34378710183114
634,2026-01-27 09:00:00,7,499,163,634,1207.6849444968059
635,2026-01-27 10:00:00,6,286,100,635,767.2082437950967
636,2026-01-27 11:00:00,2,330,46,636,414.8225931495296
637,2026-01-27 12:00:00,5,408,77,637,594.4585724906876
638,2026-01-27 13:00:00,3,250,59,638,514.1586520317135
639,2026-01-27 14:00:00,2,295,161,639,1059.5649034258602
640,2026-01-27 15:00:00,3,327,28,640,353.61131462842854
641,2026-01-27 16:00:00,7,284,109,641,855.9739542337977
642,2026-01-27 17:00:00,1,53,69,642,463.78782409181923
643,2026-01-27 18:00:00,2,203,176,643,1181.3827030800383
644,2026-01-27 19:00:00,5,491,98,644,827.4939615807749
645,2026-01-27 20:00:00,2,78,155,645,1003.5865864895235
646,2026-01-27 21:00:00,2,158,156,646,1008.4675067861585
647,2026-01-27 22:00:00,2,147,173,647,1123.2650604441628
648,2026-01-27 23:00:00,6,264,192,648,1303.5750655508477
649,2026-01-28 00:00:00,2,342,78,649,590.297667012361
650,2026-01-28 01:00:00,3,124,184,650,1245.1408514390673
651,2026-01-28 02:00:00,1,375,58,651,451.25419244848734
652,2026-01-28 03:00:00,7,195,117,652,870.1295137990884
653,2026-01-28 04:00:00,4,177,170,653,1136.5040711014642
654,2026-01-28 05:00:00,2,390,128,654,905.677365846576
655,2026-01-28 06:00:00,5,91,158,655,1065.732028097113
656,2026-01-28 07:00:00,2,405,159,656,1123.1916627822416
657,2026-01-28 08:00:00,5,90,185,657,1184.2254245055726
658,2026-01-28 09:00:00,3,471,46,658,465.3407013463965
659,2026-01-28 10:00:00,5,83,152,659,979.4289798368293
660,2026-01-28 11:00:00,4,66,172,660,1135.456458549519
661,2026-01-28 12:00:00,1,214,169,661,1098.4946193108788
662,2026-01-28 13:00:00,5,202,20,662,258.0698966015126
663,2026-01-28 14:00:00,5,427,147,663,1104.870940466172
664,2026-01-28 15:00:00,1,125,87,664,566.234691285948
665,2026-01-28 16:00:00,4,136,86,665,644.2206587765461
666,2026-01-28 17:00:00,2,166,194,666,1215.3466538173159
667,2026-01-28 18:00:00,5,411,162,667,1212.6562955668358
668,2026-01-28 19:00:00,1,391,11,668,181.7726645233544
669,2026-01-28 20:00:00,3,76,73,669,454.91462796913237
670,2026-01-28 21:00:00,1,362,44,670,377.74395274611805
671,2026-01-28 22:00:00,3,336,16,671,228.54095408237373
672,2026-01-28 23:00:00,4,183,94,672,668.8177804154989
673,2026-01-29 00:00:00,2,268,155,673,1047.3494404645196
674,2026-01-29 01:00:00,1,217,76,674,569.0352708266482
675,2026-01-29 02:00:00,7,147,51,675,449.3488225830859
676,2026-01-29 03:00:00,7,317,127,676,941.351472905433
677,2026-01-29 04:00:00,6,286,134,677,946.0035956314861
678,2026-01-29 05:00:00,5,358,176,678,1224.3545162607288
679,2026-01-29 06:00:00,4,443,178,679,1204.2652548224896
680,2026-01-29 07:00:00,1,222,33,680,257.8460071945092
681,2026-01-29 08:00:00,7,450,197,681,1459.3216168758656
682,2026-01-29 09:00:00,5,459,55,682,517.9992238626473
683,2026-01-29 10:00:00,7,239,28,683,363.56147582400916
684,2026-01-29 11:00:00,1,171,77,684,491.50553730574524
685,2026-01-29 12:00:00,3,95,111,685,792.6328769793166
686,2026-01-29 13:00:00,1,113,51,686,410.0282019919413
687,2026-01-29 14:00:00,6,179,41,687,407.43064669679626
688,2026-01-29 15:00:00,1,359,176,688,1238.4375780493058
689,2026-01-29 16:00:00,1,412,118,689,857.2737892478299
690,2026-01-29 17:00:00,6,242,45,690,455.6555134244867
691,2026-01-29 18:00:00,4,356,106,691,840.658016301946
692,2026-01-29 19:00:00,1,230,173,692,1127.3915535929534
693,2026-01-29 20:00:00,6,341,140,693,985.7286761524481
694,2026-01-29 21:00:00,5,420,82,694,716.6689006570319
695,2026-01-29 22:00:00,3,331,145,695,1000.144212166996
696,2026-01-29 23:00:00,3,78,106,696,692.4741053713361
697,2026-01-30 00:00:00,1,198,132,697,875.3368474943607
698,2026-01-30 01:00:00,4,316,79,698,645.788426391521
699,2026-01-30 02:00:00,4,345,178,699,1236.0040390201866
700,2026-01-30 03:00:00,5,60,22,700,244.07188608471927
701,2026-01-30 04:00:00,1,213,58,701,405.6942859781941
702,2026-01-30 05:00:00,3,162,69,702,506.3188861583015
703,2026-01-30 06:00:00,4,236,139,703,990.272563513526
704,2026-01-30 07:00:00,1,344,197,704,1353.3837352931016
705,2026-01-30 08:00:00,7,281,14,705,337.0930676691963
706,2026-01-30 09:00:00,4,276,181,706,1241.7893004818318
707,2026-01-30 10:00:00,6,359,36,707,438.9002948023682
708,2026-01-30 11:00:00,7,147,169,708,1222.5473749444557
709,2026-01-30 12:00:00,4,104,158,709,1019.0749188979952
710,2026-01-30 13:00:00,3,160,17,710,213.8909955813775
711,2026-01-30 14:00:00,2,201,59,711,467.3502884845844
712,2026-01-30 15:00:00,7,295,76,712,692.9358430823023
713,2026-01-30 16:00:00,5,455,53,713,495.38575858391334
714,2026-01-30 17:00:00,5,118,134,714,886.2178264859845
715,2026-01-30 18:00:00,3,361,67,715,555.9414663331411
716,2026-01-30 19:00:00,4,338,12,716,244.73182986964903
717,2026-01-30 20:00:00,1,299,95,717,708.3859186120143
718,2026-01-30 21:00:00,4,85,79,718,575.0263132743681
719,2026-01-30 22:00:00,3,288,139,719,960.8576030966915
720,2026-01-30 23:00:00,5,197,181,720,1232.593843342684
721,2026-01-31 00:00:00,4,276,11,721,217.83133428823356
722,2026-01-31 01:00:00,5,293,111,722,881.2504928996336
723,2026-01-31 02:00:00,7,386,44,723,489.769768307056
724,2026-01-31 03:00:00,1,495,107,724,794.0074975934231
725,2026-01-31 04:00:00,7,414,39,725,476.6882709021549
726,2026-01-31 05:00:00,5,250,125,726,905.954559580156
727,2026-01-31 06:00:00,5,203,17,727,190.77019932975986
728,2026-01-31 07:00:00,2,499,159,728,1133.230438151335
729,2026-01-31 08:00:00,2,122,53,729,381.5778526378199
730,2026-01-31 09:00:00,7,250,195,730,1333.6838440266206
731,2026-01-31 10:00:00,6,345,45,731,494.5674986286892
732,2026-01-31 11:00:00,7,66,86,732,617.2296121016401
733,2026-01-31 12:00:00,2,178,40,733,337.0685585857361
734,2026-01-31 13:00:00,5,266,56,734,486.3642900046881
735,2026-01-31 14:00:00,3,110,64,735,465.2308501694035
736,2026-01-31 15:00:00,7,476,115,736,950.153588731376
737,2026-01-31 16:00:00,5,153,199,737,1275.6727684832701
738,2026-01-31 17:00:00,3,91,167,738,1080.0498267520434
739,2026-01-31 18:00:00,3,74,130,739,915.8684246913963
740,2026-01-31 19:00:00,2,88,64,740,393.6970996236382
741,2026-01-31 20:00:00,7,340,153,741,1123.271761088535
742,2026-01-31 21:00:00,4,180,21,742,273.6971797447146
743,2026-01-31 22:00:00,1,278,154,743,1031.4485774386078
744,2026-01-31 23:00:00,2,157,153,744,1015.739008563481
745,2026-02-01 00:00:00,2,221,149,745,919.0300196672215
746,2026-02-01 01:00:00,4,484,145,746,1093.1474812388985
747,2026-02-01 02:00:00,1,151,12,747,109.44935381299206
748,2026-02-01 03:00:00,5,403,153,748,1123.1963185374946
749,2026-02-01 04:00:00,6,61,39,749,341.41695807271526
750,2026-02-01 05:00:00,7,324,32,750,462.54999087484896
751,2026-02-01 06:00:00,6,150,101,751,757.4008597129763
752,2026-02-01 07:00:00,5,93,124,752,843.5212851221164
753,2026-02-01 08:00:00,2,492,113,753,810.3092172223934
754,2026-02-01 09:00:00,1,354,127,754,886.834407055497
755,2026-02-01 10:00:00,2,494,14,755,286.89686635040465
756,2026-02-01 11:00:00,3,66,113,756,740.3834432454232
757,2026-02-01 12:00:00,2,379,117,757,830.5303092018768
758,2026-02-01 13:00:00,2,106,74,758,488.62240008461043
759,2026-02-01 14:00:00,5,360,130,759,979.0542430636597
760,2026-02-01 15:00:00,5,352,39,760,437.3816381792747
761,2026-02-01 16:00:00,5,61,158,761,1082.1363034596336
762,2026-02-01 17:00:00,6,367,93,762,728.2500032036893
763,2026-02-01 18:00:00,3,129,159,763,1053.4793267525286
764,2026-02-01 19:00:00,5,265,41,764,396.848881367464
765,2026-02-01 20:00:00,1,388,170,765,1148.6329738610016
766,2026-02-01 21:00:00,6,313,25,766,345.95477562102
767,2026-02-01 22:00:00,4,198,47,767,413.6296876087484
768,2026-02-01 23:00:00,1,130,151,768,975.8630431737472
769,2026-02-02 00:00:00,7,264,45,769,422.4758642341257
770,2026-02-02 01:00:00,7,423,160,770,1169.4056577850063
771,2026-02-02 02:00:00,1,247,123,771,871.6760482655305
772,2026-02-02 03:00:00,5,249,75,772,593.0828259755748
773,2026-02-02 04:00:00,4,74,114,773,775.3804319405369
774,2026-02-02 05:00:00,4,138,94,774,697.0399893612955
775,2026-02-02 06:00:00,6,317,11,775,265.0032921708246
776,2026-02-02 07:00:00,4,192,84,776,637.9956789291612
777,2026-02-02 08:00:00,7,108,76,777,620.2373303773127
778,2026-02-02 09:00:00,3,459,189,778,1253.20008717309
779,2026-02-02 10:00:00,5,414,199,779,1378.501495345184
780,2026-02-02 11:00:00,4,75,160,780,1056.5581738949877
781,2026-02-02 12:00:00,6,96,163,781,1138.4293292117297
782,2026-02-02 13:00:00,7,337,64,782,592.0828667896732
783,2026-02-02 14:00:00,3,315,15,783,204.15850614731713
784,2026-02-02 15:00:00,2,65,172,784,1056.9574185116849
785,2026-02-02 16:00:00,2,248,159,785,1084.9158361035923
786,2026-02-02 17:00:00,3,450,180,786,1253.4667925282433
787,2026-02-02 18:00:00,7,456,152,787,1153.58399862629
788,2026-02-02 19:00:00,6,331,95,788,777.7509058131695
789,2026-02-02 20:00:00,3,135,69,789,412.4542895191926
790,2026-02-02 21:00:00,5,299,110,790,884.7110253452424
791,2026-02-02 22:00:00,5,440,21,791,311.06778494846816
792,2026-02-02 23:00:00,2,319,58,792,480.9580910842071
793,2026-02-03 00:00:00,4,384,51,793,430.05908959511186
794,2026-02-03 01:00:00,6,166,175,794,1177.1237666878487
795,2026-02-03 02:00:00,2,56,91,795,630.1406413909529
796,2026-02-03 03:00:00,4,186,182,796,1150.3149846100237
797,2026-02-03 04:00:00,4,420,44,797,483.78600261567425
798,2026-02-03 05:00:00,5,225,167,798,1136.2891171130284
799,2026-02-03 06:00:00,7,377,167,799,1234.7149332066056
800,2026-02-03 07:00:00,1,364,143,800,1001.9257324045534
801,2026-02-03 08:00:00,7,264,76,801,653.4426449847278
802,2026-02-03 09:00:00,1,131,89,802,562.3514804510752
803,2026-02-03 10:00:00,3,272,16,803,211.6635256039493
804,2026-02-03 11:00:00,5,421,189,804,1291.4533146824756
805,2026-02-03 12:00:00,4,472,23,805,354.3538899476424
806,2026-02-03 13:00:00,6,451,82,806,768.3616546204777
807,2026-02-03 14:00:00,1,492,152,807,1019.8667733997061
808,2026-02-03 15:00:00,7,152,158,808,1075.7506228158588
809,2026-02-03 16:00:00,4,322,172,809,1183.146741723512
810,2026-02-03 17:00:00,1,63,75,810,489.1002427114066
811,2026-02-03 18:00:00,1,208,100,811,703.7752890430328
812,2026-02-03 19:00:00,1,201,139,812,904.73400058927
813,2026-02-03 20:00:00,6,157,172,813,1159.6212382066303
814,2026-02-03 21:00:00,5,237,29,814,353.19392118209225
815,2026-02-03 22:00:00,6,350,19,815,328.85986701189915
816,2026-02-03 23:00:00,2,147,34,816,294.269339271033
817,2026-02-04 00:00:00,4,180,34,817,321.37547134764344
818,2026-02-04 01:00:00,5,342,63,818,585.0945663275958
819,2026-02-04 02:00:00,5,220,42,819,373.310718263092
820,2026-02-04 03:00:00,5,473,173,820,1231.1191715344178
821,2026-02-04 04:00:00,7,232,104,821,820.9830296060798
822,2026-02-04 05:00:00,5,413,23,822,288.1489209225927
823,2026-02-04 06:00:00,6,88,74,823,563.1653852890946
824,2026-02-04 07:00:00,5,64,119,824,798.7032494321247
825,2026-02-04 08:00:00,3,425,89,825,664.3273580804113
826,2026-02-04 09:00:00,4,53,63,826,425.96197260851204
827,2026-02-04 10:00:00,5,398,134,827,995.1307172311394
828,2026-02-04 11:00:00,4,458,189,828,1362.4188976949708
829,2026-02-04 12:00:00,3,446,140,829,999.2112602622656
830,2026-02-04 13:00:00,3,259,178,830,1227.1014419971498
831,2026-02-04 14:00:00,4,210,143,831,982.8953768266955
832,2026-02-04 15:00:00,1,65,34,832,277.81154106509916
833,2026-02-04 16:00:00,2,475,150,833,1054.3652517365986
834,2026-02-04 17:00:00,7,157,126,834,906.635712356839
835,2026-02-04 18:00:00,1,431,145,835,1025.3545081001098
836,2026-02-04 19:00:00,1,499,158,836,1107.3146861177547
837,2026-02-04 20:00:00,6,360,34,837,430.59072441435706
838,2026-02-04 21:00:00,7,276,88,838,649.573088241292
839,2026-02-04 22:00:00,7,219,77,839,705.3721661636982
840,2026-02-04 23:00:00,1,83,182,840,1157.6332382098549
841,2026-02-05 00:00:00,5,463,197,841,1390.6940451289497
842,2026-02-05 01:00:00,6,300,21,842,289.4303497926797
843,2026-02-05 02:00:00,6,296,41,843,398.8073816565434
844,2026-02-05 03:00:00,3,318,137,844,981.7684642250921
845,2026-02-05 04:00:00,7,190,105,845,821.8494500637706
846,2026-02-05 05:00:00,1,323,101,846,713.024216156103
847,2026-02-05 06:00:00,3,465,150,847,1117.709712389355
848,2026-02-05 07:00:00,4,145,40,848,316.2821985971663
849,2026-02-05 08:00:00,2,276,87,849,602.2856745003949
850,2026-02-05 09:00:00,6,428,29,850,446.80023615736644
851,2026-02-05 10:00:00,4,88,155,851,1034.1332584061563
852,2026-02-05 11:00:00,4,351,69,852,621.2054460543998
853,2026-02-05 12:00:00,5,78,143,853,930.7818087483691
854,2026-02-05 13:00:00,2,495,169,854,1164.794238246938
855,2026-02-05 14:00:00,4,367,102,855,771.3417204162738
856,2026-02-05 15:00:00,4,294,52,856,435.4782347538296
857,2026-02-05 16:00:00,2,285,139,857,970.6609563068536
858,2026-02-05 17:00:00,2,234,69,858,491.6662182922067
859,2026-02-05 18:00:00,4,321,160,859,1081.1499042579812
860,2026-02-05 19:00:00,2,489,40,860,420.96046236765693
861,2026-02-05 20:00:00,4,285,14,861,190.8004147252436
862,2026-02-05 21:00:00,4,288,171,862,1118.4160820557383
863,2026-02-05 22:00:00,5,426,19,863,320.7977170158383
864,2026-02-05 23:00:00,1,315,98,864,645.0233987096937
865,2026-02-06 00:00:00,4,463,139,865,1056.1583818888628
866,2026-02-06 01:00:00,3,458,135,866,950.5399882124161
867,2026-02-06 02:00:00,6,408,20,867,265.17978640740756
868,2026-02-06 03:00:00,7,389,187,868,1334.8861004957762
869,2026-02-06 04:00:00,1,438,168,869,1158.7378350988947
870,2026-02-06 05:00:00,1,114,65,870,453.9442519104582
871,2026-02-06 06:00:00,1,226,92,871,639.9604709704755
872,2026-02-06 07:00:00,5,52,146,872,934.8206213664678
873,2026-02-06 08:00:00,4,478,108,873,872.7918354277981
874,2026-02-06 09:00:00,5,191,158,874,1109.1041551943924
875,2026-02-06 10:00:00,4,425,82,875,643.3271361463338
876,2026-02-06 11:00:00,5,207,165,876,1121.6698158402114
877,2026-02-06 12:00:00,5,373,199,877,1372.6667991867296
878,2026-02-06 13:00:00,6,195,124,878,899.111447483641
879,2026-02-06 14:00:00,3,495,16,879,283.3522862467767
880,2026-02-06 15:00:00,5,342,89,880,709.5636668378107
881,2026-02-06 16:00:00,6,202,153,881,1087.8544659072506
882,2026-02-06 17:00:00,2,481,106,882,776.884407011966
883,2026-02-06 18:00:00,3,242,13,883,217.72119405782473
884,2026-02-06 19:00:00,5,486,13,884,333.0339819459375
885,2026-02-06 20:00:00,7,122,112,885,862.6240498046661
886,2026-02-06 21:00:00,1,448,49,886,379.09898027587917
887,2026-02-06 22:00:00,2,354,26,887,286.71295028654345
888,2026-02-06 23:00:00,2,426,110,888,758.8469827693923
889,2026-02-07 00:00:00,6,393,112,889,806.8480893068153
890,2026-02-07 01:00:00,2,189,133,890,889.0227914282244
891,2026-02-07 02:00:00,3,236,61,891,469.82544621448915
892,2026-02-07 03:00:00,5,342,61,892,552.5955285531224
893,2026-02-07 04:00:00,5,110,173,893,1160.5838307026195
894,2026-02-07 05:00:00,7,476,133,894,1083.2368787432376
895,2026-02-07 06:00:00,1,429,175,895,1195.3176127591735
896,2026-02-07 07:00:00,6,247,187,896,1373.8006685195726
897,2026-02-07 08:00:00,1,344,72,897,559.3922956495564
898,2026-02-07 09:00:00,2,489,125,898,981.9743713370164
899,2026-02-07 10:00:00,7,368,71,899,571.4148659842725
900,2026-02-07 11:00:00,1,351,16,900,256.7921858865188
901,2026-02-07 12:00:00,3,393,164,901,1141.4771853061334
902,2026-02-07 13:00:00,5,60,101,902,640.5495822171819
903,2026-02-07 14:00:00,2,111,23,903,213.9163532768436
904,2026-02-07 15:00:00,7,382,95,904,780.5113338604705
905,2026-02-07 16:00:00,1,275,142,905,966.9015974534443
906,2026-02-07 17:00:00,6,202,192,906,1332.9322937265322
907,2026-02-07 18:00:00,3,248,139,907,908.7254964971521
908,2026-02-07 19:00:00,3,101,71,908,531.7475694736547
909,2026-02-07 20:00:00,1,309,158,909,1055.8943845266215
910,2026-02-07 21:00:00,5,108,88,910,675.9852352407981
911,2026-02-07 22:00:00,1,121,158,911,993.145553130064
912,2026-02-07 23:00:00,2,197,147,912,956.9877332240574
913,2026-02-08 00:00:00,1,398,67,913,537.2116212206686
914,2026-02-08 01:00:00,3,112,129,914,855.6558211913956
915,2026-02-08 02:00:00,7,359,176,915,1248.8164559552479
916,2026-02-08 03:00:00,1,422,142,916,978.7108580713415
917,2026-02-08 04:00:00,5,292,74,917,569.7937339645863
918,2026-02-08 05:00:00,7,415,22,918,348.46064730629416
919,2026-02-08 06:00:00,6,379,190,919,1363.9893017999275
920,2026-02-08 07:00:00,4,156,91,920,648.6793747828157
921,2026-02-08 08:00:00,1,275,182,921,1219.7719588814198
922,2026-02-08 09:00:00,5,362,169,922,1192.0371159704077
923,2026-02-08 10:00:00,7,267,173,923,1180.1544600683005
924,2026-02-08 11:00:00,5,474,197,924,1417.1182466266976
925,2026-02-08 12:00:00,6,290,148,925,1044.791305768998
926,2026-02-08 13:00:00,3,308,158,926,1078.398981337094
927,2026-02-08 14:00:00,5,425,61,927,605.6271614245235
928,2026-02-08 15:00:00,7,311,192,928,1315.4738862083545
929,2026-02-08 16:00:00,5,54,126,929,852.1423136239316
930,2026-02-08 17:00:00,5,310,35,930,376.7844494989262
931,2026-02-08 18:00:00,5,103,43,931,384.92777146311306
932,2026-02-08 19:00:00,2,96,61,932,450.45460096446067
933,2026-02-08 20:00:00,2,264,121,933,843.1151701274669
934,2026-02-08 21:00:00,3,226,91,934,647.988760602588
935,2026-02-08 22:00:00,1,58,189,935,1180.6011751207789
936,2026-02-08 23:00:00,5,148,166,936,1155.469676914337
937,2026-02-09 00:00:00,6,69,175,937,1159.881301810809
938,2026-02-09 01:00:00,1,427,51,938,441.08231656730925
939,2026-02-09 02:00:00,6,290,30,939,368.6451077300397
940,2026-02-09 03:00:00,1,110,51,940,355.16181061108836
941,2026-02-09 04:00:00,3,428,150,941,1033.268717282466
942,2026-02-09 05:00:00,5,468,122,942,954.5799240119244
943,2026-02-09 06:00:00,5,227,114,943,786.6971277370872
944,2026-02-09 07:00:00,4,387,26,944,343.3344193922534
945,2026-02-09 08:00:00,6,111,129,945,873.385718267803
946,2026-02-09 09:00:00,1,194,146,946,950.3062441255904
947,2026-02-09 10:00:00,1,265,178,947,1174.217817185977
948,2026-02-09 11:00:00,2,52,138,948,947.2171003783071
949,2026-02-09 12:00:00,4,209,139,949,978.9824988536078
950,2026-02-09 13:00:00,7,276,69,950,642.74396429227
951,2026-02-09 14:00:00,7,318,57,951,598.5524345608177
952,2026-02-09 15:00:00,2,169,38,952,323.3776775099833
953,2026-02-09 16:00:00,2,430,106,953,803.570694008016
954,2026-02-09 17:00:00,2,138,19,954,153.39836673521353
955,2026-02-09 18:00:00,6,378,67,955,601.9011020279881
956,2026-02-09 19:00:00,6,117,197,956,1285.407368110924
957,2026-02-09 20:00:00,3,447,30,957,347.0682344962684
958,2026-02-09 21:00:00,3,406,37,958,444.9199012857741
959,2026-02-09 22:00:00,2,147,43,959,335.5386452759997
960,2026-02-09 23:00:00,4,316,17,960,230.52301266851674
961,2026-02-10 00:00:00,1,154,196,961,1278.4360036407393
962,2026-02-10 01:00:00,6,489,186,962,1381.3582642871236
963,2026-02-10 02:00:00,4,372,88,963,729.8296047780119
964,2026-02-10 03:00:00,5,172,154,964,990.416093906928
965,2026-02-10 04:00:00,6,78,197,965,1353.8601287316446
966,2026-02-10 05:00:00,6,186,96,966,705.0445577371834
967,2026-02-10 06:00:00,3,244,97,967,723.5386431837827
968,2026-02-10 07:00:00,1,458,182,968,1320.113993718511
969,2026-02-10 08:00:00,1,275,78,969,630.1599824457185
970,2026-02-10 09:00:00,7,381,169,970,1203.9731362358193
971,2026-02-10 10:00:00,7,219,181,971,1213.3644798899318
972,2026-02-10 11:00:00,7,58,96,972,741.3103979654378
973,2026-02-10 12:00:00,7,89,110,973,795.96167434782
974,2026-02-10 13:00:00,5,74,17,974,184.1735567609376
975,2026-02-10 14:00:00,5,310,86,975,702.6365564081714
976,2026-02-10 15:00:00,6,444,96,976,794.3136126762168
977,2026-02-10 16:00:00,2,492,52,977,510.63972411146233
978,2026-02-10 17:00:00,3,275,138,978,957.509454234562
979,2026-02-10 18:00:00,3,173,118,979,826.5716378498449
980,2026-02-10 19:00:00,7,87,188,980,1232.2640193259083
981,2026-02-10 20:00:00,6,377,161,981,1211.833860393979
982,2026-02-10 21:00:00,4,300,161,982,1136.928701121973
983,2026-02-10 22:00:00,2,438,26,983,336.78892108210715
984,2026-02-10 23:00:00,6,225,142,984,975.9699021896402
985,2026-02-11 00:00:00,2,139,157,985,1064.6889724993275
986,2026-02-11 01:00:00,2,451,30,986,344.8885170190119
987,2026-02-11 02:00:00,2,86,67,987,479.64146587289525
988,2026-02-11 03:00:00,6,365,168,988,1197.8152660876017
989,2026-02-11 04:00:00,7,225,119,989,894.3266719404629
990,2026-02-11 05:00:00,3,333,148,990,1041.813820563582
991,2026-02-11 06:00:00,3,130,189,991,1133.4020720398973
992,2026-02-11 07:00:00,7,163,152,992,1083.373443739645
993,2026-02-11 08:00:00,2,89,144,993,979.6602438516626
994,2026-02-11 09:00:00,4,350,37,994,403.1934077697587
995,2026-02-11 10:00:00,1,273,60,995,428.16875253330784
996,2026-02-11 11:00:00,6,367,195,996,1389.5988469846166
997,2026-02-11 12:00:00,1,398,14,997,250.18441590520015
998,2026-02-11 13:00:00,7,164,14,998,253.5739954857116
999,2026-02-11 14:00:00,4,235,103,999,746.2761868070987
1000,2026-02-11 15:00:00,6,372,105,1000,824.3355232252821
