TransactionID,Date,Time,LaborHours,InventoryCost,FootTraffic,CustomerID,SalesAmount,LaborProductivity,InventoryEfficiency,FootTrafficEfficiency
1,1/1/2026,12:00:00 AM,7,296,65,1,580.0218308,82.86026154,1.959533212,8.923412782
2,1/1/2026,1:00:00 AM,4,155,49,2,378.9754444,94.7438611,2.445002867,7.734192743
3,1/1/2026,2:00:00 AM,5,100,107,3,747.8933779,149.5786756,7.478933779,6.989657737
4,1/1/2026,3:00:00 AM,7,130,49,4,412.5606037,58.9372291,3.173543105,8.419604157
5,1/1/2026,4:00:00 AM,3,182,100,5,704.8205567,234.9401856,3.872640421,7.048205567
6,1/1/2026,5:00:00 AM,5,334,42,6,434.5720195,86.9144039,1.301113831,10.34695284
7,1/1/2026,6:00:00 AM,5,437,15,7,270.2584889,54.05169779,0.618440478,18.0172326
8,1/1/2026,7:00:00 AM,7,187,156,8,1070.686141,152.955163,5.725594337,6.863372699
9,1/1/2026,8:00:00 AM,2,233,89,9,662.7659806,331.3829903,2.844489187,7.446808771
10,1/1/2026,9:00:00 AM,3,450,177,10,1240.414201,413.4714005,2.756476003,7.007989838
11,1/1/2026,10:00:00 AM,7,379,101,11,801.2693871,114.4670553,2.114167248,7.933360269
12,1/1/2026,11:00:00 AM,3,322,106,12,766.4848109,255.494937,2.380387612,7.230988783
13,1/1/2026,12:00:00 PM,3,389,68,13,539.3821774,179.7940591,1.386586574,7.932090844
14,1/1/2026,1:00:00 PM,5,118,68,14,516.3844926,103.2768985,4.376139768,7.593889597
15,1/1/2026,2:00:00 PM,4,83,57,15,451.8488492,112.9622123,5.443962039,7.927172794
16,1/1/2026,3:00:00 PM,3,311,178,16,1205.46988,401.8232933,3.876108939,6.772302696
17,1/1/2026,4:00:00 PM,6,102,22,17,323.5090033,53.91816722,3.171656895,14.7049547
18,1/1/2026,5:00:00 PM,5,499,116,18,933.340787,186.6681574,1.870422419,8.046041268
19,1/1/2026,6:00:00 PM,2,254,54,19,437.0986334,218.5493167,1.720860762,8.094419138
20,1/1/2026,7:00:00 PM,4,175,98,20,673.2509361,168.312734,3.847148206,6.869907511
21,1/1/2026,8:00:00 PM,6,284,190,21,1308.043997,218.0073328,4.60578872,6.884442087
22,1/1/2026,9:00:00 PM,6,92,179,22,1168.229585,194.7049308,12.69814766,6.526422261
23,1/1/2026,10:00:00 PM,2,289,109,23,705.7306431,352.8653216,2.441974544,6.474593056
24,1/1/2026,11:00:00 PM,4,420,164,24,1199.227867,299.8069667,2.855304444,7.312365041
25,1/2/2026,12:00:00 AM,5,160,175,25,1157.656483,231.5312967,7.235353021,6.615179905
26,1/2/2026,1:00:00 AM,1,298,197,26,1263.587998,1263.587998,4.24022818,6.414152273
27,1/2/2026,2:00:00 AM,4,200,16,27,222.317101,55.57927525,1.111585505,13.89481881
28,1/2/2026,3:00:00 AM,2,232,142,28,966.9749866,483.4874933,4.167995632,6.809683004
29,1/2/2026,4:00:00 AM,6,385,54,29,519.876755,86.64612584,1.350329234,9.627347315
30,1/2/2026,5:00:00 AM,5,144,67,30,520.12195,104.02439,3.611957986,7.763014179
31,1/2/2026,6:00:00 AM,4,423,40,31,449.2856222,112.3214056,1.062140951,11.23214056
32,1/2/2026,7:00:00 AM,1,449,32,32,330.8941922,330.8941922,0.736958112,10.34044351
33,1/2/2026,8:00:00 AM,1,57,179,33,1115.170012,1115.170012,19.56438618,6.230000068
34,1/2/2026,9:00:00 AM,3,437,147,34,1008.322661,336.1075538,2.307374511,6.859337833
35,1/2/2026,10:00:00 AM,3,409,169,35,1144.46043,381.48681,2.798191761,6.771955207
36,1/2/2026,11:00:00 AM,7,437,116,36,950.2661933,135.7523133,2.174522182,8.191949943
37,1/2/2026,12:00:00 PM,2,233,190,37,1201.093241,600.5466204,5.154906613,6.321543373
38,1/2/2026,1:00:00 PM,4,330,167,38,1168.024126,292.0060316,3.53946705,6.994156446
39,1/2/2026,2:00:00 PM,4,244,48,39,416.7900365,104.1975091,1.708155887,8.683125761
40,1/2/2026,3:00:00 PM,7,401,168,40,1222.365982,174.6237117,3.04829422,7.275987989
41,1/2/2026,4:00:00 PM,6,244,91,41,684.3461169,114.0576862,2.804697201,7.520286999
42,1/2/2026,5:00:00 PM,6,204,109,42,832.4802005,138.7467001,4.080785297,7.637433033
43,1/2/2026,6:00:00 PM,7,142,11,43,265.4967346,37.92810495,1.869695314,24.13606679
44,1/2/2026,7:00:00 PM,6,209,86,44,677.7057649,112.9509608,3.242611315,7.880299592
45,1/2/2026,8:00:00 PM,3,483,21,45,325.5747215,108.5249072,0.674067746,15.50355817
46,1/2/2026,9:00:00 PM,4,110,48,46,360.5300811,90.13252028,3.277546192,7.511043356
47,1/2/2026,10:00:00 PM,7,171,22,47,252.417083,36.05958329,1.476123293,11.47350377
48,1/2/2026,11:00:00 PM,4,100,55,48,418.8078329,104.7019582,4.188078329,7.61468787
49,1/3/2026,12:00:00 AM,1,452,164,49,1105.387511,1105.387511,2.44554759,6.740167747
50,1/3/2026,1:00:00 AM,3,326,122,50,821.6216962,273.8738987,2.520311951,6.734604067
51,1/3/2026,2:00:00 AM,5,54,26,51,271.3033744,54.26067487,5.024136562,10.43474517
52,1/3/2026,3:00:00 AM,3,141,113,52,790.8650036,263.6216679,5.608971657,6.998805342
53,1/3/2026,4:00:00 AM,7,219,107,53,786.9348368,112.4192624,3.593309757,7.354531185
54,1/3/2026,5:00:00 AM,5,366,197,54,1374.11893,274.8237859,3.754423305,6.975222993
55,1/3/2026,6:00:00 AM,1,71,97,55,648.358568,648.358568,9.131810817,6.684108949
56,1/3/2026,7:00:00 AM,7,454,118,56,955.3508006,136.4786858,2.104296918,8.096193226
57,1/3/2026,8:00:00 AM,2,375,172,57,1138.705361,569.3526803,3.036547628,6.620380004
58,1/3/2026,9:00:00 AM,4,50,79,58,542.0131976,135.5032994,10.84026395,6.860926552
59,1/3/2026,10:00:00 AM,1,182,167,59,1111.404283,1111.404283,6.106616937,6.655115465
60,1/3/2026,11:00:00 AM,4,282,83,60,650.0107993,162.5026998,2.305002834,7.831455413
61,1/3/2026,12:00:00 PM,6,61,72,61,556.4739631,92.74566052,9.122523985,7.728805043
62,1/3/2026,1:00:00 PM,2,395,165,62,1148.748877,574.3744383,2.908225004,6.962114404
63,1/3/2026,2:00:00 PM,2,95,69,63,446.8346593,223.4173296,4.703522729,6.475864627
64,1/3/2026,3:00:00 PM,1,83,88,64,549.2746434,549.2746434,6.617766788,6.241757312
65,1/3/2026,4:00:00 PM,2,482,46,65,460.7659547,230.3829774,0.955945964,10.01665119
66,1/3/2026,5:00:00 PM,5,127,31,66,323.6061534,64.72123068,2.548079948,10.43890817
67,1/3/2026,6:00:00 PM,2,267,157,67,1085.097149,542.5485743,4.064034264,6.911446806
68,1/3/2026,7:00:00 PM,4,350,105,68,769.2568337,192.3142084,2.197876668,7.326255559
69,1/3/2026,8:00:00 PM,4,460,77,69,672.993616,168.248404,1.4630296,8.740176832
70,1/3/2026,9:00:00 PM,7,122,26,70,333.2113234,47.60161762,2.731240355,12.81582013
71,1/3/2026,10:00:00 PM,4,331,21,71,255.6875469,63.92188672,0.77246993,12.17559747
72,1/3/2026,11:00:00 PM,7,298,159,72,1193.002414,170.4289163,4.003363806,7.503159837
73,1/4/2026,12:00:00 AM,4,96,154,73,1061.968225,265.4920562,11.06216901,6.895897564
74,1/4/2026,1:00:00 AM,5,170,147,74,1086.75259,217.350518,6.392662295,7.392874763
75,1/4/2026,2:00:00 AM,7,263,127,75,952.8280032,136.1182862,3.622920164,7.502582703
76,1/4/2026,3:00:00 AM,3,288,31,76,324.4927403,108.1642468,1.126710904,10.46750775
77,1/4/2026,4:00:00 AM,6,105,129,77,920.3098317,153.3849719,8.76485554,7.134184742
78,1/4/2026,5:00:00 AM,1,399,59,78,512.6340802,512.6340802,1.284797193,8.688713224
79,1/4/2026,6:00:00 AM,4,156,23,79,278.5910058,69.64775146,1.785839781,12.11265243
80,1/4/2026,7:00:00 AM,2,368,184,80,1267.920995,633.9604977,3.445437488,6.890874975
81,1/4/2026,8:00:00 AM,4,97,38,81,313.9181427,78.47953568,3.236269513,8.261003756
82,1/4/2026,9:00:00 AM,2,110,173,82,1137.659914,568.8299568,10.34236285,6.576068865
83,1/4/2026,10:00:00 AM,6,386,189,83,1307.662376,217.9437293,3.387726361,6.918848548
84,1/4/2026,11:00:00 AM,6,75,134,84,916.6755701,152.7792617,12.22234093,6.840862463
85,1/4/2026,12:00:00 PM,6,341,16,85,335.2120685,55.86867808,0.983026594,20.95075428
86,1/4/2026,1:00:00 PM,2,306,38,86,312.2926051,156.1463025,1.020564069,8.218226449
87,1/4/2026,2:00:00 PM,4,57,148,87,944.7757303,236.1939326,16.57501281,6.383619799
88,1/4/2026,3:00:00 PM,6,162,42,88,410.7524187,68.45873646,2.535508758,9.779819494
89,1/4/2026,4:00:00 PM,5,404,143,89,1066.017359,213.2034718,2.63865683,7.454666848
90,1/4/2026,5:00:00 PM,7,302,120,90,889.3492378,127.0498911,2.944865026,7.411243648
91,1/4/2026,6:00:00 PM,2,229,88,91,614.2141799,307.10709,2.682157991,6.97970659
92,1/4/2026,7:00:00 PM,2,256,169,92,1085.376538,542.6882691,4.239752102,6.422346379
93,1/4/2026,8:00:00 PM,4,352,188,93,1323.01455,330.7536375,3.758564062,7.037311436
94,1/4/2026,9:00:00 PM,2,176,67,94,477.1235593,238.5617796,2.710929314,7.121247153
95,1/4/2026,10:00:00 PM,2,105,35,95,325.2646773,162.6323387,3.097758832,9.293276495
96,1/4/2026,11:00:00 PM,6,263,183,96,1269.333007,211.5555012,4.826361245,6.936245942
97,1/5/2026,12:00:00 AM,4,63,38,97,300.3077909,75.07694772,4.766790332,7.902836603
98,1/5/2026,1:00:00 AM,6,77,13,98,181.5953472,30.26589119,2.358381132,13.96887286
99,1/5/2026,2:00:00 AM,7,127,108,99,783.7740049,111.967715,6.171448858,7.257166712
100,1/5/2026,3:00:00 AM,7,265,150,100,1087.824633,155.403519,4.104998615,7.252164219
101,1/5/2026,4:00:00 AM,6,435,48,101,583.8722273,97.31203788,1.342235005,12.16400474
102,1/5/2026,5:00:00 AM,7,414,24,102,363.0342099,51.86202999,0.876894227,15.12642541
103,1/5/2026,6:00:00 AM,4,203,128,103,879.7093962,219.927349,4.333543824,6.872729658
104,1/5/2026,7:00:00 AM,1,63,38,104,263.8678154,263.8678154,4.188378022,6.943889878
105,1/5/2026,8:00:00 AM,6,236,166,105,1189.508235,198.2513725,5.040289132,7.16571226
106,1/5/2026,9:00:00 AM,5,361,84,106,644.6704632,128.9340926,1.785790757,7.674648371
107,1/5/2026,10:00:00 AM,5,420,125,107,964.6527821,192.9305564,2.296792338,7.717222257
108,1/5/2026,11:00:00 AM,2,56,41,108,268.2772447,134.1386224,4.790665084,6.543347432
109,1/5/2026,12:00:00 PM,7,52,139,109,971.1981807,138.7425972,18.67688809,6.987037271
110,1/5/2026,1:00:00 PM,5,160,184,110,1212.187202,242.4374403,7.576170011,6.587973922
111,1/5/2026,2:00:00 PM,2,456,93,111,655.6769298,327.8384649,1.437888004,7.050289568
112,1/5/2026,3:00:00 PM,1,287,31,112,298.1873281,298.1873281,1.038980237,9.618946067
113,1/5/2026,4:00:00 PM,4,412,36,113,410.4343431,102.6085858,0.996199862,11.40095398
114,1/5/2026,5:00:00 PM,4,288,90,114,669.0275907,167.2568977,2.323012468,7.433639897
115,1/5/2026,6:00:00 PM,4,323,135,115,947.7496842,236.937421,2.934209549,7.020368031
116,1/5/2026,7:00:00 PM,5,343,193,116,1296.558818,259.3117636,3.780054864,6.717921338
117,1/5/2026,8:00:00 PM,1,276,101,117,726.9929982,726.9929982,2.634032602,7.197950478
118,1/5/2026,9:00:00 PM,5,420,30,118,407.4664735,81.49329469,0.97015827,13.58221578
119,1/5/2026,10:00:00 PM,7,64,56,119,433.8284734,61.97549621,6.778569898,7.746937026
120,1/5/2026,11:00:00 PM,5,241,110,120,791.1019662,158.2203932,3.282580773,7.191836056
121,1/6/2026,12:00:00 AM,1,168,196,121,1239.501326,1239.501326,7.377984086,6.323986359
122,1/6/2026,1:00:00 AM,1,77,93,122,664.2259584,664.2259584,8.626311148,7.142214607
123,1/6/2026,2:00:00 AM,7,251,15,123,286.6536524,40.95052178,1.142046424,19.1102435
124,1/6/2026,3:00:00 AM,1,88,156,124,949.0975345,949.0975345,10.78519926,6.083958555
125,1/6/2026,4:00:00 AM,1,490,194,125,1335.113409,1335.113409,2.724721243,6.882027883
126,1/6/2026,5:00:00 AM,4,322,140,126,955.2992538,238.8248134,2.966767869,6.823566098
127,1/6/2026,6:00:00 AM,7,280,10,127,270.5397093,38.6485299,0.966213247,27.05397093
128,1/6/2026,7:00:00 AM,3,135,67,128,537.7664218,179.2554739,3.983454976,8.026364505
129,1/6/2026,8:00:00 AM,3,175,133,129,945.8937506,315.2979169,5.405107146,7.111983087
130,1/6/2026,9:00:00 AM,1,349,175,130,1191.746805,1191.746805,3.414747293,6.809981743
131,1/6/2026,10:00:00 AM,3,74,24,131,193.6976293,64.56587644,2.617535531,8.070734555
132,1/6/2026,11:00:00 AM,3,194,171,132,1090.172947,363.3909824,5.619448182,6.375280394
133,1/6/2026,12:00:00 PM,1,62,198,133,1179.593849,1179.593849,19.02570724,5.95754469
134,1/6/2026,1:00:00 PM,3,261,172,134,1071.113487,357.0378289,4.103883091,6.227403993
135,1/6/2026,2:00:00 PM,5,74,73,135,556.0156729,111.2031346,7.513725309,7.616653053
136,1/6/2026,3:00:00 PM,2,117,34,136,266.0149344,133.0074672,2.273631918,7.823968659
137,1/6/2026,4:00:00 PM,7,443,33,137,463.176485,66.16806928,1.045545113,14.03565106
138,1/6/2026,5:00:00 PM,2,116,21,138,233.6409446,116.8204723,2.014146074,11.12575926
139,1/6/2026,6:00:00 PM,1,282,27,139,264.5971663,264.5971663,0.938287824,9.799895049
140,1/6/2026,7:00:00 PM,4,158,24,140,255.7788483,63.94471207,1.61885347,10.65745201
141,1/6/2026,8:00:00 PM,7,195,36,141,365.5703897,52.22434138,1.874719947,10.15473305
142,1/6/2026,9:00:00 PM,1,160,81,142,538.6174675,538.6174675,3.366359172,6.649598364
143,1/6/2026,10:00:00 PM,4,277,69,143,578.9540974,144.7385243,2.090086994,8.390639092
144,1/6/2026,11:00:00 PM,2,160,183,144,1170.768749,585.3843745,7.317304682,6.397643438
145,1/7/2026,12:00:00 AM,1,83,154,145,954.32977,954.32977,11.49794904,6.196946558
146,1/7/2026,1:00:00 AM,7,160,102,146,764.4504942,109.2072135,4.777815589,7.494612688
147,1/7/2026,2:00:00 AM,7,313,62,147,597.4899059,85.35570084,1.908913437,9.636933966
148,1/7/2026,3:00:00 AM,6,473,17,148,313.1201533,52.18669221,0.661987639,18.41883255
149,1/7/2026,4:00:00 AM,5,418,88,149,726.4041445,145.2808289,1.737808958,8.254592551
150,1/7/2026,5:00:00 AM,3,285,36,150,353.8583351,117.9527784,1.241608193,9.829398198
151,1/7/2026,6:00:00 AM,4,132,183,151,1232.406657,308.1016643,9.336414069,6.734462607
152,1/7/2026,7:00:00 AM,6,91,59,152,464.1210967,77.35351612,5.100231832,7.866459266
153,1/7/2026,8:00:00 AM,3,474,140,153,1005.665298,335.2217661,2.121656748,7.18332356
154,1/7/2026,9:00:00 AM,3,150,102,154,687.4691717,229.1563906,4.583127811,6.73989384
155,1/7/2026,10:00:00 AM,1,55,181,155,1149.091723,1149.091723,20.89257678,6.348573055
156,1/7/2026,11:00:00 AM,3,229,190,156,1314.699159,438.233053,5.741044362,6.919469258
157,1/7/2026,12:00:00 PM,5,331,33,157,332.8872656,66.57745312,1.005701709,10.0874929
158,1/7/2026,1:00:00 PM,7,369,69,158,596.8409515,85.26299308,1.617455153,8.649868863
159,1/7/2026,2:00:00 PM,6,275,131,159,953.4360964,158.9060161,3.467040351,7.27813814
160,1/7/2026,3:00:00 PM,3,492,140,160,1035.928683,345.309561,2.105546103,7.399490592
161,1/7/2026,4:00:00 PM,1,489,157,161,1127.309087,1127.309087,2.305335556,7.180312656
162,1/7/2026,5:00:00 PM,5,364,55,162,487.4660097,97.49320195,1.339192334,8.863018359
163,1/7/2026,6:00:00 PM,2,414,24,163,266.3067289,133.1533645,0.643252968,11.0961137
164,1/7/2026,7:00:00 PM,7,278,162,164,1164.542615,166.3632307,4.189002211,7.188534658
165,1/7/2026,8:00:00 PM,7,426,26,165,381.0479784,54.43542548,0.894478823,14.65569148
166,1/7/2026,9:00:00 PM,6,338,135,166,1029.20163,171.533605,3.044975236,7.623715777
167,1/7/2026,10:00:00 PM,7,486,93,167,823.4207941,117.631542,1.694281469,8.853987033
168,1/7/2026,11:00:00 PM,3,199,18,168,229.3613804,76.45379348,1.152569751,12.74229891
169,1/8/2026,12:00:00 AM,1,326,175,169,1159.66556,1159.66556,3.557256318,6.626660341
170,1/8/2026,1:00:00 AM,7,247,185,170,1359.767408,194.2524868,5.505131205,7.350094096
171,1/8/2026,2:00:00 AM,7,119,197,171,1297.567561,185.3667944,10.90392908,6.586637363
172,1/8/2026,3:00:00 AM,2,161,72,172,528.624295,264.3121475,3.283380714,7.342004097
173,1/8/2026,4:00:00 AM,2,53,126,173,763.8093004,381.9046502,14.41149623,6.061978575
174,1/8/2026,5:00:00 AM,4,399,139,174,981.4959697,245.3739924,2.459889648,7.061122084
175,1/8/2026,6:00:00 AM,5,380,97,175,752.779632,150.5559264,1.980999032,7.760614763
176,1/8/2026,7:00:00 AM,3,495,81,176,728.3797001,242.7932334,1.471474142,8.992341977
177,1/8/2026,8:00:00 AM,7,367,148,177,1111.016833,158.7166904,3.027293823,7.506870493
178,1/8/2026,9:00:00 AM,7,399,73,178,644.9856579,92.14080828,1.616505408,8.835419972
179,1/8/2026,10:00:00 AM,1,144,81,179,555.4330898,555.4330898,3.857174235,6.857198639
180,1/8/2026,11:00:00 AM,4,201,30,180,301.3544364,75.33860911,1.499275803,10.04514788
181,1/8/2026,12:00:00 PM,5,360,27,181,330.2407989,66.04815979,0.917335553,12.2311407
182,1/8/2026,1:00:00 PM,4,186,73,182,511.9011343,127.9752836,2.752156636,7.012344306
183,1/8/2026,2:00:00 PM,6,296,91,183,767.9562745,127.9927124,2.594446873,8.43907994
184,1/8/2026,3:00:00 PM,5,436,119,184,926.0945439,185.2189088,2.124070055,7.782307091
185,1/8/2026,4:00:00 PM,7,292,104,185,881.8121512,125.9731645,3.019904627,8.478962992
186,1/8/2026,5:00:00 PM,7,80,175,186,1207.209649,172.4585212,15.09012061,6.898340849
187,1/8/2026,6:00:00 PM,5,89,41,187,364.2395917,72.84791835,4.092579683,8.883892482
188,1/8/2026,7:00:00 PM,7,278,20,188,295.3438701,42.19198145,1.062388022,14.76719351
189,1/8/2026,8:00:00 PM,3,85,54,189,361.6396331,120.5465444,4.254583919,6.697030242
190,1/8/2026,9:00:00 PM,5,457,42,190,457.5680705,91.51361409,1.001243043,10.89447787
191,1/8/2026,10:00:00 PM,4,272,111,191,773.8712222,193.4678055,2.845114787,6.971812812
192,1/8/2026,11:00:00 PM,5,55,178,192,1179.005711,235.8011423,21.43646748,6.623627592
193,1/9/2026,12:00:00 AM,7,371,145,193,1135.279575,162.1827964,3.060052763,7.82951431
194,1/9/2026,1:00:00 AM,3,269,20,194,237.872632,79.29087734,0.884284877,11.8936316
195,1/9/2026,2:00:00 AM,3,124,188,195,1238.534729,412.8449097,9.9881833,6.587950687
196,1/9/2026,3:00:00 AM,6,53,97,196,667.2231279,111.2038546,12.58911562,6.878588947
197,1/9/2026,4:00:00 AM,4,384,50,197,466.1259949,116.5314987,1.213869778,9.322519897
198,1/9/2026,5:00:00 AM,2,183,154,198,984.4510805,492.2255402,5.379514101,6.392539484
199,1/9/2026,6:00:00 AM,2,167,85,199,526.1060089,263.0530045,3.150335383,6.189482458
200,1/9/2026,7:00:00 AM,5,418,130,200,979.3039995,195.8607999,2.342832535,7.533107688
201,1/9/2026,8:00:00 AM,6,143,55,201,466.7535521,77.79225869,3.264010854,8.486428221
202,1/9/2026,9:00:00 AM,1,484,169,202,1206.17583,1206.17583,2.492098822,7.137135089
203,1/9/2026,10:00:00 AM,5,111,89,203,666.1631476,133.2326295,6.001469798,7.484979186
204,1/9/2026,11:00:00 AM,6,490,63,204,639.268587,106.5447645,1.304629769,10.14712043
205,1/9/2026,12:00:00 PM,4,243,95,205,673.6789133,168.4197283,2.772341207,7.091356982
206,1/9/2026,1:00:00 PM,4,384,101,206,794.9849192,198.7462298,2.070273227,7.871137814
207,1/9/2026,2:00:00 PM,4,252,157,207,1125.077819,281.2694547,4.46459452,7.166100758
208,1/9/2026,3:00:00 PM,4,441,170,208,1223.696036,305.9240089,2.774820942,7.198211974
209,1/9/2026,4:00:00 PM,4,75,177,209,1199.357808,299.8394521,15.99143745,6.776032816
210,1/9/2026,5:00:00 PM,6,484,169,210,1309.768983,218.2948306,2.706134263,7.750112327
211,1/9/2026,6:00:00 PM,6,222,106,211,784.5459519,130.7576586,3.533990774,7.401376905
212,1/9/2026,7:00:00 PM,3,349,11,212,194.7918076,64.93060255,0.558142715,17.70834615
213,1/9/2026,8:00:00 PM,2,182,42,213,313.756135,156.8780675,1.723934808,7.470384168
214,1/9/2026,9:00:00 PM,7,375,167,214,1174.015925,167.7165608,3.130709134,7.030035481
215,1/9/2026,10:00:00 PM,4,459,170,215,1202.147913,300.5369783,2.619058634,7.071458312
216,1/9/2026,11:00:00 PM,1,167,86,216,617.3299635,617.3299635,3.696586608,7.178255389
217,1/10/2026,12:00:00 AM,7,373,125,217,900.7788727,128.6826961,2.414956763,7.206230982
218,1/10/2026,1:00:00 AM,6,324,163,218,1134.076398,189.012733,3.500235796,6.957523914
219,1/10/2026,2:00:00 AM,1,261,159,219,1043.486057,1043.486057,3.998030869,6.562805388
220,1/10/2026,3:00:00 AM,1,274,112,220,742.884444,742.884444,2.711257095,6.632896821
221,1/10/2026,4:00:00 AM,1,69,175,221,1069.881422,1069.881422,15.50552785,6.113608124
222,1/10/2026,5:00:00 AM,3,162,112,222,750.2301098,250.0767033,4.63105006,6.698483123
223,1/10/2026,6:00:00 AM,6,189,99,223,732.9737934,122.1622989,3.878168219,7.403775691
224,1/10/2026,7:00:00 AM,1,96,183,224,1119.916359,1119.916359,11.66579541,6.119761525
225,1/10/2026,8:00:00 AM,4,50,131,225,836.6636036,209.1659009,16.73327207,6.386745066
226,1/10/2026,9:00:00 AM,5,139,152,226,1056.729292,211.3458585,7.60236901,6.952166397
227,1/10/2026,10:00:00 AM,1,191,115,227,793.7896253,793.7896253,4.155966625,6.902518481
228,1/10/2026,11:00:00 AM,3,369,128,228,882.2836996,294.0945665,2.391012736,6.892841403
229,1/10/2026,12:00:00 PM,7,87,181,229,1134.312078,162.0445826,13.03806986,6.266917558
230,1/10/2026,1:00:00 PM,6,342,58,230,572.5012455,95.41687425,1.67398025,9.870711129
231,1/10/2026,2:00:00 PM,3,431,113,231,815.4359874,271.8119958,1.891962848,7.216247676
232,1/10/2026,3:00:00 PM,1,188,70,232,497.7823452,497.7823452,2.647778432,7.111176359
233,1/10/2026,4:00:00 PM,6,405,132,233,956.5298438,159.4216406,2.361802083,7.246438211
234,1/10/2026,5:00:00 PM,5,382,143,234,1086.53265,217.3065299,2.844326308,7.598130416
235,1/10/2026,6:00:00 PM,1,308,18,235,291.7100369,291.7100369,0.947110509,16.20611316
236,1/10/2026,7:00:00 PM,3,210,15,236,203.4842073,67.82806909,0.968972416,13.56561382
237,1/10/2026,8:00:00 PM,2,439,82,237,650.8769205,325.4384603,1.482635354,7.937523421
238,1/10/2026,9:00:00 PM,4,227,112,238,790.4358127,197.6089532,3.482096091,7.057462614
239,1/10/2026,10:00:00 PM,7,59,169,239,1160.153979,165.7362828,19.66362677,6.864816446
240,1/10/2026,11:00:00 PM,3,310,50,240,455.0306025,151.6768675,1.467840653,9.100612051
241,1/11/2026,12:00:00 AM,6,456,123,241,994.9049536,165.8174923,2.181809109,8.088658159
242,1/11/2026,1:00:00 AM,1,187,17,242,154.2625043,154.2625043,0.824933178,9.07426496
243,1/11/2026,2:00:00 AM,4,221,81,243,622.5035312,155.6258828,2.81675806,7.68522878
244,1/11/2026,3:00:00 AM,1,435,187,244,1251.225958,1251.225958,2.876381513,6.691047904
245,1/11/2026,4:00:00 AM,6,62,101,245,682.8685306,113.8114218,11.01400856,6.76107456
246,1/11/2026,5:00:00 AM,1,217,71,246,504.8695374,504.8695374,2.32658773,7.110838555
247,1/11/2026,6:00:00 AM,2,179,93,247,614.0246181,307.012309,3.430305129,6.602415248
248,1/11/2026,7:00:00 AM,4,133,71,248,561.1118099,140.2779525,4.218885789,7.902983238
249,1/11/2026,8:00:00 AM,4,370,120,249,865.1423887,216.2855972,2.338222672,7.209519905
250,1/11/2026,9:00:00 AM,6,368,136,250,1027.306378,171.2177297,2.791593419,7.553723369
251,1/11/2026,10:00:00 AM,7,150,16,251,227.897331,32.55676158,1.51931554,14.24358319
252,1/11/2026,11:00:00 AM,2,378,93,252,709.7118825,354.8559413,1.877544663,7.631310565
253,1/11/2026,12:00:00 PM,3,322,141,253,971.8801028,323.9600343,3.018261189,6.892766686
254,1/11/2026,1:00:00 PM,1,314,143,254,929.4836618,929.4836618,2.96013905,6.499885747
255,1/11/2026,2:00:00 PM,5,448,67,255,625.9131822,125.1826364,1.397127639,9.341987794
256,1/11/2026,3:00:00 PM,1,457,31,256,331.0375313,331.0375313,0.724370966,10.67863004
257,1/11/2026,4:00:00 PM,1,87,163,257,1027.679548,1027.679548,11.8124086,6.304782504
258,1/11/2026,5:00:00 PM,3,468,136,258,988.5347119,329.5115706,2.112253658,7.268637588
259,1/11/2026,6:00:00 PM,1,143,12,259,90.06190459,90.06190459,0.629803529,7.505158716
260,1/11/2026,7:00:00 PM,2,144,136,260,921.6953579,460.847679,6.400662208,6.777171749
261,1/11/2026,8:00:00 PM,2,354,50,261,458.3027327,229.1513663,1.294640488,9.166054653
262,1/11/2026,9:00:00 PM,4,118,197,262,1260.391171,315.0977927,10.68128111,6.397924725
263,1/11/2026,10:00:00 PM,6,367,115,263,892.1933764,148.6988961,2.431044622,7.758203273
264,1/11/2026,11:00:00 PM,7,493,23,264,422.1605845,60.30865493,0.856309502,18.35480802
265,1/12/2026,12:00:00 AM,5,285,21,265,272.7888499,54.55776998,0.957153859,12.98994523
266,1/12/2026,1:00:00 AM,1,483,96,266,726.8434648,726.8434648,1.504851894,7.571286092
267,1/12/2026,2:00:00 AM,1,383,21,267,263.208975,263.208975,0.6872297,12.53376071
268,1/12/2026,3:00:00 AM,3,422,150,268,1057.827268,352.6090894,2.506699687,7.052181787
269,1/12/2026,4:00:00 AM,6,425,34,269,447.2127599,74.53545998,1.052265317,13.15331647
270,1/12/2026,5:00:00 AM,2,186,54,270,404.7329766,202.3664883,2.175983745,7.495055122
271,1/12/2026,6:00:00 AM,5,467,131,271,977.5789238,195.5157848,2.093316753,7.462434532
272,1/12/2026,7:00:00 AM,4,125,156,272,1051.759165,262.9397912,8.414073319,6.742045929
273,1/12/2026,8:00:00 AM,2,84,64,273,404.9360805,202.4680403,4.820667625,6.327126258
274,1/12/2026,9:00:00 AM,6,50,109,274,819.4463568,136.5743928,16.38892714,7.517856485
275,1/12/2026,10:00:00 AM,7,345,182,275,1347.974891,192.5678416,3.907173597,7.406455445
276,1/12/2026,11:00:00 AM,4,369,145,276,1056.104864,264.0262161,2.862072803,7.283481823
277,1/12/2026,12:00:00 PM,7,455,128,277,1022.379931,146.0542758,2.246988859,7.987343208
278,1/12/2026,1:00:00 PM,3,109,62,278,461.1732425,153.7244142,4.230947179,7.438278105
279,1/12/2026,2:00:00 PM,3,369,192,279,1293.027156,431.0090521,3.504138635,6.73451644
280,1/12/2026,3:00:00 PM,1,398,41,280,389.3192894,389.3192894,0.978189169,9.495592424
281,1/12/2026,4:00:00 PM,7,377,60,281,550.4060217,78.62943167,1.459962922,9.173433695
282,1/12/2026,5:00:00 PM,6,316,53,282,517.9145526,86.31909209,1.638970103,9.77197269
283,1/12/2026,6:00:00 PM,5,410,91,283,770.0354083,154.0070817,1.878135142,8.461927564
284,1/12/2026,7:00:00 PM,4,278,155,284,1062.057417,265.5143542,3.820350421,6.851983335
285,1/12/2026,8:00:00 PM,2,319,159,285,1061.846946,530.9234731,3.328673812,6.67828268
286,1/12/2026,9:00:00 PM,6,365,46,286,439.1256893,73.18761488,1.20308408,9.546210636
287,1/12/2026,10:00:00 PM,6,335,105,287,864.238657,144.0397762,2.579816887,8.230844352
288,1/12/2026,11:00:00 PM,3,340,65,288,521.530079,173.8433597,1.533911997,8.023539677
289,1/13/2026,12:00:00 AM,7,262,114,289,861.6378289,123.0911184,3.288694004,7.558226569
290,1/13/2026,1:00:00 AM,1,214,68,290,496.2046675,496.2046675,2.3187134,7.297127464
291,1/13/2026,2:00:00 AM,1,54,140,291,879.6662293,879.6662293,16.29011536,6.283330209
292,1/13/2026,3:00:00 AM,4,388,165,292,1188.796803,297.1992007,3.063909286,7.204829108
293,1/13/2026,4:00:00 AM,3,428,44,293,426.0201024,142.0067008,0.995374071,9.682275055
294,1/13/2026,5:00:00 AM,6,127,198,294,1281.939962,213.6566603,10.09401545,6.474444252
295,1/13/2026,6:00:00 AM,5,459,102,295,785.2900407,157.0580081,1.710871548,7.698921968
296,1/13/2026,7:00:00 AM,3,111,191,296,1206.922343,402.3074477,10.87317426,6.318965147
297,1/13/2026,8:00:00 AM,4,181,106,297,721.7444858,180.4361214,3.987538595,6.808910243
298,1/13/2026,9:00:00 AM,4,138,144,298,956.2914988,239.0728747,6.929648542,6.640913186
299,1/13/2026,10:00:00 AM,3,286,85,299,680.0273643,226.6757881,2.377718057,8.000321933
300,1/13/2026,11:00:00 AM,4,91,58,300,423.9816538,105.9954135,4.659139053,7.310028514
301,1/13/2026,12:00:00 PM,3,138,103,301,693.0704742,231.0234914,5.022249813,6.728839555
302,1/13/2026,1:00:00 PM,2,451,168,302,1172.808037,586.4040184,2.600461279,6.981000219
303,1/13/2026,2:00:00 PM,3,345,195,303,1306.33125,435.4437501,3.786467392,6.699134617
304,1/13/2026,3:00:00 PM,7,377,198,304,1404.078263,200.582609,3.724345525,7.091304358
305,1/13/2026,4:00:00 PM,3,344,33,305,362.4260767,120.8086922,1.053564176,10.98260838
306,1/13/2026,5:00:00 PM,4,153,157,306,1074.442532,268.6106329,7.022500207,6.843583004
307,1/13/2026,6:00:00 PM,7,63,46,307,429.996396,61.42805657,6.825339619,9.347747739
308,1/13/2026,7:00:00 PM,4,337,13,308,300.8055666,75.20139166,0.892598121,23.13888974
309,1/13/2026,8:00:00 PM,1,228,117,309,802.4807834,802.4807834,3.519652559,6.858810114
310,1/13/2026,9:00:00 PM,1,174,135,310,944.234367,944.234367,5.426634293,6.994328645
311,1/13/2026,10:00:00 PM,7,471,29,311,397.0055458,56.71507797,0.842899248,13.68984641
312,1/13/2026,11:00:00 PM,2,402,197,312,1395.338547,697.6692735,3.470991411,7.082936787
313,1/14/2026,12:00:00 AM,1,72,161,313,991.1887184,991.1887184,13.76650998,6.156451667
314,1/14/2026,1:00:00 AM,3,112,59,314,424.1394321,141.3798107,3.786959215,7.188803934
315,1/14/2026,2:00:00 AM,4,192,186,315,1230.003824,307.5009559,6.406269914,6.612923783
316,1/14/2026,3:00:00 AM,1,202,188,316,1197.041379,1197.041379,5.925947419,6.367241376
317,1/14/2026,4:00:00 AM,1,194,105,317,705.7752119,705.7752119,3.638016556,6.721668685
318,1/14/2026,5:00:00 AM,2,274,114,318,778.7991599,389.39958,2.8423327,6.831571578
319,1/14/2026,6:00:00 AM,7,499,173,319,1317.598865,188.2284093,2.640478688,7.616178412
320,1/14/2026,7:00:00 AM,7,358,126,320,951.814949,135.9735641,2.658700975,7.554086897
321,1/14/2026,8:00:00 AM,6,153,107,321,797.5683119,132.928052,5.212864784,7.453909457
322,1/14/2026,9:00:00 AM,2,153,75,322,571.7317086,285.8658543,3.736808553,7.623089448
323,1/14/2026,10:00:00 AM,3,484,88,323,707.4869289,235.8289763,1.461749853,8.039624192
324,1/14/2026,11:00:00 AM,7,88,171,324,1181.231503,168.7473575,13.42308526,6.907786565
325,1/14/2026,12:00:00 PM,4,484,173,325,1259.974779,314.9936947,2.603253675,7.283091206
326,1/14/2026,1:00:00 PM,2,247,15,326,261.6866065,130.8433032,1.059459945,17.44577376
327,1/14/2026,2:00:00 PM,1,183,48,327,342.7550831,342.7550831,1.872978596,7.140730897
328,1/14/2026,3:00:00 PM,4,116,179,328,1192.652149,298.1630371,10.28148404,6.662861165
329,1/14/2026,4:00:00 PM,4,440,124,329,887.2196672,221.8049168,2.016408335,7.154997317
330,1/14/2026,5:00:00 PM,1,228,195,330,1238.524248,1238.524248,5.432123893,6.351406398
331,1/14/2026,6:00:00 PM,2,91,134,331,871.9017851,435.9508926,9.581338298,6.50672974
332,1/14/2026,7:00:00 PM,1,497,21,332,331.8947991,331.8947991,0.667796376,15.80451424
333,1/14/2026,8:00:00 PM,6,64,140,333,912.4219991,152.0703332,14.25659374,6.517299993
334,1/14/2026,9:00:00 PM,4,160,27,334,293.5827192,73.39567981,1.834891995,10.87343405
335,1/14/2026,10:00:00 PM,5,206,49,335,428.9032963,85.78065926,2.082054836,8.753128496
336,1/14/2026,11:00:00 PM,5,338,30,336,310.7541704,62.15083408,0.919391037,10.35847235
337,1/15/2026,12:00:00 AM,3,280,152,337,1046.447605,348.8158685,3.737312876,6.88452372
338,1/15/2026,1:00:00 AM,7,460,108,338,942.274837,134.610691,2.048423559,8.724767009
339,1/15/2026,2:00:00 AM,1,469,35,339,332.0873202,332.0873202,0.70807531,9.488209149
340,1/15/2026,3:00:00 AM,1,206,17,340,175.5018685,175.5018685,0.851950818,10.32363933
341,1/15/2026,4:00:00 AM,3,87,109,341,695.5008305,231.8336102,7.994262419,6.380741564
342,1/15/2026,5:00:00 AM,3,490,96,342,753.942512,251.3141707,1.538658188,7.853567834
343,1/15/2026,6:00:00 AM,3,146,51,343,437.7651043,145.9217014,2.998391125,8.583629496
344,1/15/2026,7:00:00 AM,4,460,181,344,1275.854266,318.9635664,2.77359623,7.048918595
345,1/15/2026,8:00:00 AM,6,488,23,345,416.4469721,69.40782869,0.853374943,18.10639009
346,1/15/2026,9:00:00 AM,1,338,87,346,671.6716214,671.6716214,1.987194146,7.720363465
347,1/15/2026,10:00:00 AM,4,303,11,347,206.0178626,51.50446565,0.679926939,18.7288966
348,1/15/2026,11:00:00 AM,3,245,128,348,871.4220162,290.4740054,3.556824556,6.807984501
349,1/15/2026,12:00:00 PM,1,135,46,349,304.6200358,304.6200358,2.25644471,6.622174691
350,1/15/2026,1:00:00 PM,4,371,78,350,611.3735642,152.843391,1.647907181,7.838122618
351,1/15/2026,2:00:00 PM,6,59,175,351,1168.296222,194.716037,19.80163088,6.67597841
352,1/15/2026,3:00:00 PM,4,54,50,352,375.6064405,93.90161014,6.955674825,7.512128811
353,1/15/2026,4:00:00 PM,6,172,71,353,548.891837,91.48197283,3.19123161,7.730870943
354,1/15/2026,5:00:00 PM,3,379,69,354,526.2371123,175.4123708,1.388488423,7.626624816
355,1/15/2026,6:00:00 PM,6,402,134,355,1017.785363,169.6308938,2.531804386,7.595413157
356,1/15/2026,7:00:00 PM,1,167,120,356,771.0134346,771.0134346,4.616846914,6.425111955
357,1/15/2026,8:00:00 PM,3,343,23,357,280.0410691,93.34702304,0.816446266,12.17569866
358,1/15/2026,9:00:00 PM,1,446,93,358,715.9398549,715.9398549,1.605246311,7.698278009
359,1/15/2026,10:00:00 PM,5,208,139,359,896.3459142,179.2691828,4.309355357,6.448531757
360,1/15/2026,11:00:00 PM,2,352,79,360,563.6017619,281.8008809,1.601141369,7.134199518
361,1/16/2026,12:00:00 AM,6,277,154,361,1165.993292,194.3322154,4.209362066,7.571385015
362,1/16/2026,1:00:00 AM,2,414,132,362,931.0016848,465.5008424,2.24879634,7.053043067
363,1/16/2026,2:00:00 AM,2,265,98,363,621.9770069,310.9885035,2.347083045,6.346704152
364,1/16/2026,3:00:00 AM,6,485,37,364,414.0017946,69.0002991,0.853611948,11.18923769
365,1/16/2026,4:00:00 AM,3,233,75,365,639.4340211,213.1446737,2.744352022,8.525786947
366,1/16/2026,5:00:00 AM,5,64,172,366,1105.110076,221.0220152,17.26734494,6.425058583
367,1/16/2026,6:00:00 AM,1,206,14,367,195.5704573,195.5704573,0.949371152,13.96931838
368,1/16/2026,7:00:00 AM,4,185,177,368,1181.13354,295.283385,6.384505621,6.673070847
369,1/16/2026,8:00:00 AM,1,310,193,369,1251.450989,1251.450989,4.036938674,6.484202015
370,1/16/2026,9:00:00 AM,4,206,173,370,1183.063364,295.765841,5.743026039,6.838516556
371,1/16/2026,10:00:00 AM,1,96,54,371,296.2692997,296.2692997,3.086138539,5.486468514
372,1/16/2026,11:00:00 AM,6,373,160,372,1118.666021,186.4443369,2.999104615,6.991662634
373,1/16/2026,12:00:00 PM,5,381,56,373,510.5294696,102.1058939,1.339972361,9.116597672
374,1/16/2026,1:00:00 PM,4,222,40,374,326.3128681,81.57821701,1.469877784,8.157821701
375,1/16/2026,2:00:00 PM,7,179,148,375,1029.276666,147.0395238,5.750148974,6.95457207
376,1/16/2026,3:00:00 PM,3,460,19,376,322.6113914,107.5371305,0.701329112,16.97954691
377,1/16/2026,4:00:00 PM,1,144,127,377,824.1641016,824.1641016,5.723361817,6.489481115
378,1/16/2026,5:00:00 PM,1,164,23,378,242.1185111,242.1185111,1.476332385,10.52689179
379,1/16/2026,6:00:00 PM,4,292,89,379,687.4612585,171.8653146,2.354319379,7.724283804
380,1/16/2026,7:00:00 PM,3,469,102,380,827.4738249,275.8246083,1.764336514,8.11248848
381,1/16/2026,8:00:00 PM,3,341,19,381,259.377891,86.459297,0.760638977,13.65146795
382,1/16/2026,9:00:00 PM,6,331,85,382,681.5917355,113.5986226,2.059189533,8.0187263
383,1/16/2026,10:00:00 PM,7,348,103,383,871.8170417,124.5452917,2.505221384,8.464243123
384,1/16/2026,11:00:00 PM,6,332,114,384,852.3194914,142.0532486,2.567227384,7.476486766
385,1/17/2026,12:00:00 AM,6,118,10,385,195.7153447,32.61922412,1.658604616,19.57153447
386,1/17/2026,1:00:00 AM,6,197,142,386,1024.166921,170.6944868,5.198816857,7.212443105
387,1/17/2026,2:00:00 AM,6,60,29,387,307.2447811,51.20746352,5.120746352,10.59464763
388,1/17/2026,3:00:00 AM,6,303,17,388,247.9367199,41.32278665,0.818273003,14.58451293
389,1/17/2026,4:00:00 AM,5,379,180,389,1300.258512,260.0517024,3.430761246,7.223658401
390,1/17/2026,5:00:00 AM,3,409,10,390,198.3313426,66.11044754,0.484917708,19.83313426
391,1/17/2026,6:00:00 AM,6,87,66,391,536.4211097,89.40351828,6.165759881,8.127592571
392,1/17/2026,7:00:00 AM,3,183,73,392,553.9552041,184.6517347,3.027077618,7.588427454
393,1/17/2026,8:00:00 AM,3,249,127,393,906.2589199,302.0863066,3.639594056,7.135897007
394,1/17/2026,9:00:00 AM,2,72,37,394,237.4498944,118.7249472,3.2979152,6.417564713
395,1/17/2026,10:00:00 AM,5,352,130,395,978.2378923,195.6475785,2.779084921,7.524906864
396,1/17/2026,11:00:00 AM,6,395,116,396,937.0678103,156.1779684,2.37232357,8.078170778
397,1/17/2026,12:00:00 PM,1,351,174,397,1170.101873,1170.101873,3.333623571,6.724723411
398,1/17/2026,1:00:00 PM,4,412,184,398,1263.0415,315.7603749,3.065634708,6.864355976
399,1/17/2026,2:00:00 PM,7,445,174,399,1310.092428,187.1560612,2.944027929,7.52926683
400,1/17/2026,3:00:00 PM,1,267,58,400,446.5175888,446.5175888,1.67235052,7.698579118
401,1/17/2026,4:00:00 PM,5,190,129,401,855.7666721,171.1533344,4.504035116,6.633850171
402,1/17/2026,5:00:00 PM,4,153,53,402,397.0143161,99.25357903,2.594864811,7.490836153
403,1/17/2026,6:00:00 PM,5,495,65,403,597.7111641,119.5422328,1.207497301,9.19555637
404,1/17/2026,7:00:00 PM,3,259,165,404,1157.874549,385.9581829,4.470558103,7.017421507
405,1/17/2026,8:00:00 PM,4,160,120,405,867.9054926,216.9763731,5.424409329,7.232545772
406,1/17/2026,9:00:00 PM,3,153,143,406,988.7090559,329.5696853,6.462150692,6.914049342
407,1/17/2026,10:00:00 PM,1,365,117,407,833.4708083,833.4708083,2.283481667,7.123682122
408,1/17/2026,11:00:00 PM,1,220,198,408,1296.407844,1296.407844,5.892762926,6.547514362
409,1/18/2026,12:00:00 AM,4,405,157,409,1089.276618,272.3191544,2.689571896,6.938067629
410,1/18/2026,1:00:00 AM,4,373,123,410,910.104093,227.5260232,2.439957354,7.399220268
411,1/18/2026,2:00:00 AM,6,182,87,411,680.148981,113.3581635,3.737082313,7.81780438
412,1/18/2026,3:00:00 AM,5,425,139,412,1004.253028,200.8506057,2.362948302,7.22484193
413,1/18/2026,4:00:00 AM,6,342,46,413,474.8973627,79.14956045,1.38858878,10.32385571
414,1/18/2026,5:00:00 AM,5,377,29,414,412.6991756,82.53983511,1.094692773,14.23100605
415,1/18/2026,6:00:00 AM,6,176,35,415,369.5630935,61.59384892,2.099790304,10.55894553
416,1/18/2026,7:00:00 AM,3,155,38,416,347.0263562,115.6754521,2.238879717,9.132272532
417,1/18/2026,8:00:00 AM,4,141,10,417,88.7277923,22.18194807,0.629275123,8.87277923
418,1/18/2026,9:00:00 AM,1,336,128,418,930.5390655,930.5390655,2.769461504,7.269836449
419,1/18/2026,10:00:00 AM,5,427,44,419,461.5163296,92.30326591,1.080834495,10.48900749
420,1/18/2026,11:00:00 AM,5,442,68,420,592.5394106,118.5078821,1.340586902,8.713814861
421,1/18/2026,12:00:00 PM,1,100,78,421,507.7608644,507.7608644,5.077608644,6.509754672
422,1/18/2026,1:00:00 PM,6,78,170,422,1088.849335,181.4748892,13.95960686,6.40499609
423,1/18/2026,2:00:00 PM,5,345,188,423,1337.938262,267.5876524,3.878081918,7.116692882
424,1/18/2026,3:00:00 PM,7,346,21,424,324.7381283,46.39116119,0.938549504,15.4637204
425,1/18/2026,4:00:00 PM,3,263,29,425,275.7410756,91.91369188,1.048445155,9.508312953
426,1/18/2026,5:00:00 PM,4,316,190,426,1289.758348,322.439587,4.08151376,6.788201832
427,1/18/2026,6:00:00 PM,1,456,52,427,497.3404696,497.3404696,1.090658925,9.564239801
428,1/18/2026,7:00:00 PM,4,306,135,428,965.743752,241.435938,3.156025333,7.153657422
429,1/18/2026,8:00:00 PM,7,351,59,429,522.0091869,74.57274099,1.487205661,8.847613338
430,1/18/2026,9:00:00 PM,5,150,38,430,361.9494249,72.38988498,2.412996166,9.524984866
431,1/18/2026,10:00:00 PM,5,454,194,431,1347.330601,269.4661203,2.967688549,6.9450031
432,1/18/2026,11:00:00 PM,7,395,48,432,446.8169691,63.83099558,1.1311822,9.308686855
433,1/19/2026,12:00:00 AM,1,159,193,433,1265.580216,1265.580216,7.959624002,6.557410448
434,1/19/2026,1:00:00 AM,3,469,180,434,1279.416896,426.4722987,2.727967796,7.107871646
435,1/19/2026,2:00:00 AM,2,231,187,435,1218.95188,609.47594,5.276847966,6.518459252
436,1/19/2026,3:00:00 AM,1,362,160,436,1073.231715,1073.231715,2.964728493,6.707698216
437,1/19/2026,4:00:00 AM,2,50,181,437,1172.912385,586.4561925,23.4582477,6.480178923
438,1/19/2026,5:00:00 AM,7,368,47,438,590.0146545,84.28780779,1.603300692,12.55350329
439,1/19/2026,6:00:00 AM,6,487,93,439,807.5634156,134.5939026,1.6582411,8.683477587
440,1/19/2026,7:00:00 AM,2,104,160,440,990.3109595,495.1554798,9.522220765,6.189443497
441,1/19/2026,8:00:00 AM,3,420,137,441,988.3660344,329.4553448,2.353252463,7.214350616
442,1/19/2026,9:00:00 AM,6,473,135,442,1054.81718,175.8028634,2.230057463,7.813460594
443,1/19/2026,10:00:00 AM,2,448,54,443,417.9141508,208.9570754,0.932844087,7.739150941
444,1/19/2026,11:00:00 AM,7,198,61,444,540.4349761,77.20499658,2.729469576,8.859589771
445,1/19/2026,12:00:00 PM,6,480,89,445,781.0927539,130.1821256,1.627276571,8.776323077
446,1/19/2026,1:00:00 PM,7,358,187,446,1374.190266,196.3128951,3.838520296,7.348611048
447,1/19/2026,2:00:00 PM,2,186,133,447,920.4636991,460.2318495,4.948729565,6.920779692
448,1/19/2026,3:00:00 PM,7,251,128,448,951.6351648,135.9478807,3.791375159,7.434649725
449,1/19/2026,4:00:00 PM,3,485,17,449,337.9391072,112.6463691,0.696781664,19.87877101
450,1/19/2026,5:00:00 PM,2,362,94,450,763.6703496,381.8351748,2.109586601,8.124152655
451,1/19/2026,6:00:00 PM,2,166,138,451,908.6385437,454.3192718,5.473726167,6.584337273
452,1/19/2026,7:00:00 PM,2,203,17,452,205.4456124,102.7228062,1.012047351,12.08503602
453,1/19/2026,8:00:00 PM,1,474,166,453,1100.181079,1100.181079,2.32105713,6.627596864
454,1/19/2026,9:00:00 PM,1,340,105,454,703.4708021,703.4708021,2.069031771,6.699721925
455,1/19/2026,10:00:00 PM,1,112,111,455,689.4541106,689.4541106,6.155840273,6.211298294
456,1/19/2026,11:00:00 PM,3,293,14,456,203.5914509,67.86381695,0.694851368,14.54224649
457,1/20/2026,12:00:00 AM,6,74,95,457,649.3163093,108.2193849,8.77454472,6.834908519
458,1/20/2026,1:00:00 AM,7,139,184,458,1249.620138,178.5171625,8.990072933,6.791413792
459,1/20/2026,2:00:00 AM,5,124,43,459,357.788725,71.55774499,2.885392943,8.320668023
460,1/20/2026,3:00:00 AM,2,343,64,460,549.0268569,274.5134285,1.60066139,8.57854464
461,1/20/2026,4:00:00 AM,7,435,128,461,989.2567906,141.3223987,2.274153542,7.728568677
462,1/20/2026,5:00:00 AM,2,440,180,462,1173.398462,586.6992308,2.666814685,6.518880342
463,1/20/2026,6:00:00 AM,3,259,167,463,1128.472535,376.1575117,4.357036815,6.75732057
464,1/20/2026,7:00:00 AM,2,467,123,464,907.6740593,453.8370296,1.943627536,7.379463896
465,1/20/2026,8:00:00 AM,1,396,154,465,1031.938504,1031.938504,2.605905312,6.700899374
466,1/20/2026,9:00:00 AM,5,66,35,466,307.6499965,61.5299993,4.661363583,8.7899999
467,1/20/2026,10:00:00 AM,4,177,145,467,950.8420624,237.7105156,5.371989053,6.557531465
468,1/20/2026,11:00:00 AM,2,476,56,468,518.6951986,259.3475993,1.089695795,9.262414261
469,1/20/2026,12:00:00 PM,7,492,122,469,1063.587733,151.9411047,2.161763685,8.717932239
470,1/20/2026,1:00:00 PM,1,413,85,470,594.7318358,594.7318358,1.440028658,6.996845127
471,1/20/2026,2:00:00 PM,4,300,81,471,620.5127374,155.1281843,2.068375791,7.660651079
472,1/20/2026,3:00:00 PM,5,228,98,472,711.1048464,142.2209693,3.118880905,7.256171902
473,1/20/2026,4:00:00 PM,4,231,55,473,446.3022035,111.5755509,1.932044171,8.114585518
474,1/20/2026,5:00:00 PM,1,201,42,474,357.8977374,357.8977374,1.780585758,8.5213747
475,1/20/2026,6:00:00 PM,6,74,10,475,188.4847968,31.4141328,2.547091848,18.84847968
476,1/20/2026,7:00:00 PM,6,229,156,476,1120.162995,186.6938325,4.891541463,7.18053202
477,1/20/2026,8:00:00 PM,4,247,40,477,375.0148651,93.75371629,1.518278806,9.375371629
478,1/20/2026,9:00:00 PM,3,393,151,478,1029.23702,343.0790068,2.618923716,6.816139208
479,1/20/2026,10:00:00 PM,7,210,62,479,506.5594392,72.36563417,2.412187806,8.170313535
480,1/20/2026,11:00:00 PM,7,226,57,480,537.1877912,76.74111303,2.376937129,9.424347214
481,1/21/2026,12:00:00 AM,4,334,78,481,633.324957,158.3312392,1.896182506,8.11955073
482,1/21/2026,1:00:00 AM,2,112,114,482,785.4062222,392.7031111,7.012555555,6.889528265
483,1/21/2026,2:00:00 AM,2,199,99,483,692.4978631,346.2489315,3.479888759,6.99492791
484,1/21/2026,3:00:00 AM,7,203,199,484,1324.40955,189.2013643,6.524184976,6.655324373
485,1/21/2026,4:00:00 AM,7,205,72,485,582.8429456,83.26327794,2.84313632,8.095040911
486,1/21/2026,5:00:00 AM,6,419,82,486,724.6444245,120.7740707,1.729461634,8.837127128
487,1/21/2026,6:00:00 AM,3,98,170,487,1115.709975,371.903325,11.38479566,6.562999852
488,1/21/2026,7:00:00 AM,1,386,178,488,1224.453259,1224.453259,3.172158702,6.878950893
489,1/21/2026,8:00:00 AM,2,133,98,489,626.4442766,313.2221383,4.710107343,6.392288537
490,1/21/2026,9:00:00 AM,7,410,185,490,1301.969095,185.995585,3.175534378,7.037670784
491,1/21/2026,10:00:00 AM,6,226,22,491,284.1059244,47.3509874,1.25710586,12.91390565
492,1/21/2026,11:00:00 AM,5,197,82,492,669.3022055,133.8604411,3.397473124,8.162222018
493,1/21/2026,12:00:00 PM,6,167,86,493,635.2839504,105.8806584,3.804095511,7.387022679
494,1/21/2026,1:00:00 PM,2,391,168,494,1168.949157,584.4745784,2.989639787,6.958030695
495,1/21/2026,2:00:00 PM,2,112,77,495,539.2518342,269.6259171,4.814748519,7.003270574
496,1/21/2026,3:00:00 PM,6,238,107,496,826.2231825,137.7038637,3.471525977,7.721711986
497,1/21/2026,4:00:00 PM,1,409,134,497,991.6332076,991.6332076,2.42453107,7.400247818
498,1/21/2026,5:00:00 PM,4,98,111,498,802.2571927,200.5642982,8.186297885,7.227542277
499,1/21/2026,6:00:00 PM,2,376,141,499,970.961825,485.4809125,2.582345279,6.886254078
500,1/21/2026,7:00:00 PM,6,306,111,500,784.8631368,130.8105228,2.564912212,7.07083907
501,1/21/2026,8:00:00 PM,7,273,28,501,334.5441199,47.79201713,1.225436337,11.94800428
502,1/21/2026,9:00:00 PM,6,190,91,502,695.2701688,115.8783615,3.659316678,7.640331526
503,1/21/2026,10:00:00 PM,3,264,150,503,1013.350642,337.7835472,3.8384494,6.755670944
504,1/21/2026,11:00:00 PM,4,484,32,504,456.2369683,114.0592421,0.942638364,14.25740526
505,1/22/2026,12:00:00 AM,5,428,92,505,755.9634091,151.1926818,1.766269647,8.216993577
506,1/22/2026,1:00:00 AM,1,489,118,506,889.3113564,889.3113564,1.818632631,7.536536919
507,1/22/2026,2:00:00 AM,5,260,84,507,663.5164293,132.7032859,2.551986266,7.899005111
508,1/22/2026,3:00:00 AM,4,367,138,508,987.7010045,246.9252511,2.691283391,7.157253656
509,1/22/2026,4:00:00 AM,4,81,97,509,608.5556497,152.1389124,7.513032712,6.273769584
510,1/22/2026,5:00:00 AM,4,207,63,510,497.7414708,124.4353677,2.404548168,7.900658267
511,1/22/2026,6:00:00 AM,5,334,98,511,860.8394188,172.1678838,2.577363529,8.784075702
512,1/22/2026,7:00:00 AM,7,354,152,512,1085.866248,155.1237497,3.06741878,7.143856895
513,1/22/2026,8:00:00 AM,4,478,74,513,592.9538087,148.2384522,1.240489139,8.012889306
514,1/22/2026,9:00:00 AM,6,335,85,514,758.5916791,126.4319465,2.264452773,8.924607989
515,1/22/2026,10:00:00 AM,5,193,152,515,1067.162489,213.4324978,5.529339322,7.020805849
516,1/22/2026,11:00:00 AM,4,473,158,516,1155.522596,288.8806491,2.44296532,7.313434155
517,1/22/2026,12:00:00 PM,6,68,156,517,1087.280216,181.2133693,15.98941494,6.969744974
518,1/22/2026,1:00:00 PM,7,67,69,518,514.1549417,73.45070596,7.673954354,7.451520894
519,1/22/2026,2:00:00 PM,3,306,102,519,745.6021572,248.5340524,2.436608357,7.30982507
520,1/22/2026,3:00:00 PM,7,127,170,520,1191.754624,170.2506605,9.383894673,7.010321315
521,1/22/2026,4:00:00 PM,4,420,58,521,597.310631,149.3276578,1.422168169,10.29845916
522,1/22/2026,5:00:00 PM,5,224,44,522,371.1436706,74.22873411,1.656891386,8.435083422
523,1/22/2026,6:00:00 PM,2,243,181,523,1227.322034,613.6610169,5.050707958,6.780784717
524,1/22/2026,7:00:00 PM,4,162,111,524,786.0551718,196.513793,4.852192419,7.081578125
525,1/22/2026,8:00:00 PM,2,163,20,525,203.791832,101.895916,1.250256638,10.1895916
526,1/22/2026,9:00:00 PM,6,271,108,526,819.0681233,136.5113539,3.022391599,7.583964105
527,1/22/2026,10:00:00 PM,3,215,119,527,781.9606014,260.6535338,3.637026053,6.571097491
528,1/22/2026,11:00:00 PM,1,484,83,528,687.0926699,687.0926699,1.419612954,8.278224939
529,1/23/2026,12:00:00 AM,7,368,183,529,1289.931929,184.2759899,3.505249808,7.048808357
530,1/23/2026,1:00:00 AM,3,181,18,530,174.9092789,58.30309297,0.966349607,9.717182162
531,1/23/2026,2:00:00 AM,4,434,12,531,288.7637688,72.19094219,0.665354306,24.0636474
532,1/23/2026,3:00:00 AM,2,313,94,532,711.5740208,355.7870104,2.273399427,7.569936391
533,1/23/2026,4:00:00 AM,7,462,35,533,455.9700025,65.13857179,0.986948057,13.02771436
534,1/23/2026,5:00:00 AM,2,104,81,534,579.5863086,289.7931543,5.572945275,7.155386526
535,1/23/2026,6:00:00 AM,5,408,57,535,582.1780974,116.4356195,1.426907102,10.21365083
536,1/23/2026,7:00:00 AM,2,180,165,536,1113.246722,556.6233612,6.184704013,6.746949832
537,1/23/2026,8:00:00 AM,5,337,126,537,916.2516308,183.2503262,2.718847569,7.27183834
538,1/23/2026,9:00:00 AM,6,315,163,538,1192.923148,198.8205247,3.787057613,7.31854692
539,1/23/2026,10:00:00 AM,7,415,162,539,1207.849229,172.5498899,2.910480071,7.45585944
540,1/23/2026,11:00:00 AM,7,211,21,540,346.0772331,49.43960473,1.64017646,16.47986824
541,1/23/2026,12:00:00 PM,1,429,142,541,991.9881499,991.9881499,2.31232669,6.985832042
542,1/23/2026,1:00:00 PM,4,136,57,542,432.1058509,108.0264627,3.177248904,7.580804401
543,1/23/2026,2:00:00 PM,5,104,46,543,363.7860937,72.75721874,3.497943209,7.908393341
544,1/23/2026,3:00:00 PM,1,337,53,544,439.7786368,439.7786368,1.304981118,8.297710129
545,1/23/2026,4:00:00 PM,2,227,24,545,256.101764,128.050882,1.128201604,10.67090683
546,1/23/2026,5:00:00 PM,2,440,52,546,488.5788685,244.2894342,1.110406519,9.395747471
547,1/23/2026,6:00:00 PM,1,398,185,547,1254.875176,1254.875176,3.152952704,6.783109061
548,1/23/2026,7:00:00 PM,7,57,96,548,718.2311104,102.6044443,12.6005458,7.481574066
549,1/23/2026,8:00:00 PM,2,370,79,549,608.3237449,304.1618725,1.64411823,7.700300569
550,1/23/2026,9:00:00 PM,6,362,55,550,502.4245405,83.73742342,1.387913095,9.134991646
551,1/23/2026,10:00:00 PM,6,296,117,551,852.0051601,142.00086,2.878395811,7.282095385
552,1/23/2026,11:00:00 PM,1,372,132,552,947.8515329,947.8515329,2.547987992,7.180693431
553,1/24/2026,12:00:00 AM,5,492,180,553,1316.709669,263.3419339,2.676239165,7.315053718
554,1/24/2026,1:00:00 AM,5,304,30,554,290.5248669,58.10497337,0.955673904,9.684162229
555,1/24/2026,2:00:00 AM,1,377,160,555,1121.002603,1121.002603,2.973481705,7.006266268
556,1/24/2026,3:00:00 AM,5,103,116,556,858.3130544,171.6626109,8.33313645,7.399250469
557,1/24/2026,4:00:00 AM,7,298,89,557,706.9224945,100.9889278,2.372223136,7.942949376
558,1/24/2026,5:00:00 AM,7,288,56,558,537.4848014,76.78354306,1.866266671,9.597942882
559,1/24/2026,6:00:00 AM,5,278,126,559,900.1962572,180.0392514,3.238116033,7.14441474
560,1/24/2026,7:00:00 AM,6,116,133,560,941.6492078,156.9415346,8.117665584,7.080069231
561,1/24/2026,8:00:00 AM,5,100,152,561,982.0197333,196.4039467,9.820197333,6.46065614
562,1/24/2026,9:00:00 AM,7,146,34,562,350.6566303,50.09380433,2.401757742,10.3134303
563,1/24/2026,10:00:00 AM,3,141,45,563,386.7394238,128.9131413,2.742832793,8.594209419
564,1/24/2026,11:00:00 AM,4,313,60,564,550.9713522,137.742838,1.76029186,9.18285587
565,1/24/2026,12:00:00 PM,2,467,24,565,326.8948746,163.4474373,0.699989025,13.62061977
566,1/24/2026,1:00:00 PM,3,340,77,566,598.8286409,199.609547,1.761260709,7.776995336
567,1/24/2026,2:00:00 PM,5,145,30,567,250.7219675,50.14439349,1.729117017,8.357398916
568,1/24/2026,3:00:00 PM,6,137,150,568,1008.373509,168.0622514,7.360390574,6.722490058
569,1/24/2026,4:00:00 PM,1,127,28,569,207.0217979,207.0217979,1.630092897,7.393635638
570,1/24/2026,5:00:00 PM,5,337,43,570,413.1679865,82.6335973,1.226017764,9.608557826
571,1/24/2026,6:00:00 PM,6,169,87,571,664.486589,110.7477648,3.931873308,7.637776886
572,1/24/2026,7:00:00 PM,4,351,134,572,959.0433679,239.760842,2.732317288,7.157040059
573,1/24/2026,8:00:00 PM,5,449,126,573,970.8636412,194.1727282,2.162279824,7.705266993
574,1/24/2026,9:00:00 PM,7,214,61,574,571.278819,81.61125986,2.669527192,9.365226541
575,1/24/2026,10:00:00 PM,1,231,36,575,288.1061334,288.1061334,1.247212699,8.002948149
576,1/24/2026,11:00:00 PM,6,447,166,576,1178.613991,196.4356651,2.636720337,7.100084281
577,1/25/2026,12:00:00 AM,6,272,165,577,1140.548772,190.091462,4.193194015,6.9124168
578,1/25/2026,1:00:00 AM,6,360,44,578,479.5076541,79.91794235,1.331965706,10.89790123
579,1/25/2026,2:00:00 AM,4,481,145,579,1094.638314,273.6595784,2.27575533,7.549229749
580,1/25/2026,3:00:00 AM,5,56,153,580,1021.982556,204.3965112,18.2496885,6.679624548
581,1/25/2026,4:00:00 AM,4,379,115,581,902.7221192,225.6805298,2.381852557,7.849757558
582,1/25/2026,5:00:00 AM,2,312,173,582,1156.009108,578.004554,3.705157397,6.682133572
583,1/25/2026,6:00:00 AM,2,210,167,583,1156.564984,578.2824922,5.507452307,6.925538829
584,1/25/2026,7:00:00 AM,5,200,155,584,1089.545614,217.9091228,5.44772807,7.029326542
585,1/25/2026,8:00:00 AM,7,134,11,585,135.4953759,19.35648227,1.011159522,12.31776144
586,1/25/2026,9:00:00 AM,4,196,186,586,1288.819759,322.2049397,6.575611015,6.929138489
587,1/25/2026,10:00:00 AM,1,161,86,587,556.2904017,556.2904017,3.455219886,6.468493043
588,1/25/2026,11:00:00 AM,6,430,141,588,1033.976964,172.3294941,2.404597591,7.33316996
589,1/25/2026,12:00:00 PM,6,452,99,589,835.3131333,139.2188555,1.848037906,8.437506397
590,1/25/2026,1:00:00 PM,5,85,98,590,636.3545858,127.2709172,7.486524539,6.493414141
591,1/25/2026,2:00:00 PM,7,334,103,591,802.3359231,114.6194176,2.402203362,7.789669156
592,1/25/2026,3:00:00 PM,2,237,16,592,243.8129562,121.9064781,1.028746651,15.23830976
593,1/25/2026,4:00:00 PM,2,131,104,593,709.9865274,354.9932637,5.419744484,6.826793532
594,1/25/2026,5:00:00 PM,6,51,117,594,831.6671934,138.6111989,16.30719987,7.10826661
595,1/25/2026,6:00:00 PM,5,434,83,595,683.492682,136.6985364,1.574867931,8.23485159
596,1/25/2026,7:00:00 PM,4,352,48,596,407.4489,101.862225,1.157525284,8.488518751
597,1/25/2026,8:00:00 PM,2,246,150,597,1025.004523,512.5022614,4.166685052,6.833363486
598,1/25/2026,9:00:00 PM,4,453,168,598,1231.807685,307.9519212,2.719222262,7.332188599
599,1/25/2026,10:00:00 PM,7,60,80,599,629.5498016,89.93568594,10.49249669,7.86937252
600,1/25/2026,11:00:00 PM,2,283,65,600,511.1720769,255.5860385,1.806261756,7.864185799
601,1/26/2026,12:00:00 AM,2,435,179,601,1205.487953,602.7439763,2.771236673,6.734569568
602,1/26/2026,1:00:00 AM,3,244,198,602,1379.333088,459.7776959,5.653004458,6.966328725
603,1/26/2026,2:00:00 AM,2,168,51,603,400.7936233,200.3968116,2.385676329,7.858698496
604,1/26/2026,3:00:00 AM,1,445,193,604,1301.283401,1301.283401,2.924232361,6.74240104
605,1/26/2026,4:00:00 AM,5,69,45,605,360.6165229,72.12330458,5.226326418,8.013700508
606,1/26/2026,5:00:00 AM,5,310,93,606,730.4879243,146.0975849,2.356412659,7.854708864
607,1/26/2026,6:00:00 AM,4,342,127,607,956.6882479,239.172062,2.797334058,7.53297833
608,1/26/2026,7:00:00 AM,7,471,16,608,347.9888437,49.71269196,0.738829817,21.74930273
609,1/26/2026,8:00:00 AM,2,305,63,609,525.2553946,262.6276973,1.722148835,8.337387216
610,1/26/2026,9:00:00 AM,1,271,138,610,928.8419306,928.8419306,3.427460999,6.730738628
611,1/26/2026,10:00:00 AM,4,442,181,611,1275.229383,318.8073458,2.885134351,7.045466206
612,1/26/2026,11:00:00 AM,3,275,129,612,920.7375118,306.9125039,3.348136407,7.137500091
613,1/26/2026,12:00:00 PM,4,102,182,613,1200.698581,300.1746453,11.77155472,6.597244951
614,1/26/2026,1:00:00 PM,4,477,115,614,888.0109764,222.0027441,1.861658232,7.721834578
615,1/26/2026,2:00:00 PM,2,404,56,615,464.7237913,232.3618956,1.150306414,8.29863913
616,1/26/2026,3:00:00 PM,3,391,132,616,964.5518674,321.5172891,2.466884571,7.307211117
617,1/26/2026,4:00:00 PM,4,413,150,617,1086.25046,271.562615,2.630146392,7.241669734
618,1/26/2026,5:00:00 PM,1,329,128,618,865.0538486,865.0538486,2.629343005,6.758233192
619,1/26/2026,6:00:00 PM,1,130,159,619,982.7279855,982.7279855,7.559446042,6.180679154
620,1/26/2026,7:00:00 PM,5,251,127,620,924.6142753,184.9228551,3.683722212,7.280427365
621,1/26/2026,8:00:00 PM,3,207,30,621,303.6028517,101.2009506,1.466680443,10.12009506
622,1/26/2026,9:00:00 PM,3,169,146,622,960.8990366,320.2996789,5.685793116,6.58150025
623,1/26/2026,10:00:00 PM,5,108,35,623,300.0018889,60.00037778,2.777795268,8.571482541
624,1/26/2026,11:00:00 PM,4,264,18,624,222.2923443,55.57308608,0.842016456,12.34957468
625,1/27/2026,12:00:00 AM,3,177,24,625,253.5676482,84.52254939,1.432585583,10.56531867
626,1/27/2026,1:00:00 AM,1,273,19,626,186.7806878,186.7806878,0.684178344,9.830562515
627,1/27/2026,2:00:00 AM,1,258,131,627,945.6340371,945.6340371,3.665248206,7.218580436
628,1/27/2026,3:00:00 AM,2,419,130,628,923.3915569,461.6957785,2.203798465,7.103011976
629,1/27/2026,4:00:00 AM,3,164,134,629,825.4435717,275.1478572,5.03319251,6.160026654
630,1/27/2026,5:00:00 AM,4,258,179,630,1210.49485,302.6237125,4.691840504,6.762541061
631,1/27/2026,6:00:00 AM,5,63,81,631,577.7089956,115.5417991,9.169984057,7.132209822
632,1/27/2026,7:00:00 AM,5,58,161,632,1091.751557,218.3503114,18.82330271,6.781065572
633,1/27/2026,8:00:00 AM,4,89,58,633,443.3437871,110.8359468,4.981390866,7.643858398
634,1/27/2026,9:00:00 AM,7,499,163,634,1207.684944,172.5264206,2.42021031,7.409110089
635,1/27/2026,10:00:00 AM,6,286,100,635,767.2082438,127.8680406,2.682546307,7.672082438
636,1/27/2026,11:00:00 AM,2,330,46,636,414.8225931,207.4112966,1.257038161,9.01788246
637,1/27/2026,12:00:00 PM,5,408,77,637,594.4585725,118.8917145,1.457006305,7.720241201
638,1/27/2026,1:00:00 PM,3,250,59,638,514.158652,171.3862173,2.056634608,8.714553424
639,1/27/2026,2:00:00 PM,2,295,161,639,1059.564903,529.7824517,3.591745435,6.581148468
640,1/27/2026,3:00:00 PM,3,327,28,640,353.6113146,117.8704382,1.081380167,12.62897552
641,1/27/2026,4:00:00 PM,7,284,109,641,855.9739542,122.2819935,3.013992797,7.852972057
642,1/27/2026,5:00:00 PM,1,53,69,642,463.7878241,463.7878241,8.750713662,6.721562668
643,1/27/2026,6:00:00 PM,2,203,176,643,1181.382703,590.6913515,5.819619227,6.712401722
644,1/27/2026,7:00:00 PM,5,491,98,644,827.4939616,165.4987923,1.685323751,8.443815934
645,1/27/2026,8:00:00 PM,2,78,155,645,1003.586586,501.7932932,12.8664947,6.474752171
646,1/27/2026,9:00:00 PM,2,158,156,646,1008.467507,504.2337534,6.382705739,6.4645353
647,1/27/2026,10:00:00 PM,2,147,173,647,1123.26506,561.6325302,7.641258915,6.492861621
648,1/27/2026,11:00:00 PM,6,264,192,648,1303.575066,217.2625109,4.937784339,6.789453466
649,1/28/2026,12:00:00 AM,2,342,78,649,590.297667,295.1488335,1.72601657,7.567918808
650,1/28/2026,1:00:00 AM,3,124,184,650,1245.140851,415.0469505,10.04145848,6.767069845
651,1/28/2026,2:00:00 AM,1,375,58,651,451.2541924,451.2541924,1.203344513,7.780244697
652,1/28/2026,3:00:00 AM,7,195,117,652,870.1295138,124.3042163,4.462202635,7.437004391
653,1/28/2026,4:00:00 AM,4,177,170,653,1136.504071,284.1260178,6.420926955,6.685318065
654,1/28/2026,5:00:00 AM,2,390,128,654,905.6773658,452.8386829,2.322249656,7.075604421
655,1/28/2026,6:00:00 AM,5,91,158,655,1065.732028,213.1464056,11.71134097,6.745139418
656,1/28/2026,7:00:00 AM,2,405,159,656,1123.191663,561.5958314,2.773312748,7.064098508
657,1/28/2026,8:00:00 AM,5,90,185,657,1184.225425,236.8450849,13.15806027,6.401218511
658,1/28/2026,9:00:00 AM,3,471,46,658,465.3407013,155.1135671,0.987984504,10.1161022
659,1/28/2026,10:00:00 AM,5,83,152,659,979.4289798,195.885796,11.80034915,6.443611709
660,1/28/2026,11:00:00 AM,4,66,172,660,1135.456459,283.8641146,17.20388574,6.601491038
661,1/28/2026,12:00:00 PM,1,214,169,661,1098.494619,1098.494619,5.133152427,6.499968162
662,1/28/2026,1:00:00 PM,5,202,20,662,258.0698966,51.61397932,1.277573746,12.90349483
663,1/28/2026,2:00:00 PM,5,427,147,663,1104.87094,220.9741881,2.587519767,7.516128847
664,1/28/2026,3:00:00 PM,1,125,87,664,566.2346913,566.2346913,4.52987753,6.508444727
665,1/28/2026,4:00:00 PM,4,136,86,665,644.2206588,161.0551647,4.736916609,7.490937893
666,1/28/2026,5:00:00 PM,2,166,194,666,1215.346654,607.6733269,7.321365384,6.264673473
667,1/28/2026,6:00:00 PM,5,411,162,667,1212.656296,242.5312591,2.950501936,7.485532689
668,1/28/2026,7:00:00 PM,1,391,11,668,181.7726645,181.7726645,0.464891725,16.52478768
669,1/28/2026,8:00:00 PM,3,76,73,669,454.914628,151.6382093,5.985718789,6.231707232
670,1/28/2026,9:00:00 PM,1,362,44,670,377.7439527,377.7439527,1.043491582,8.585089835
671,1/28/2026,10:00:00 PM,3,336,16,671,228.5409541,76.18031803,0.680181411,14.28380963
672,1/28/2026,11:00:00 PM,4,183,94,672,668.8177804,167.2044451,3.654741969,7.11508277
673,1/29/2026,12:00:00 AM,2,268,155,673,1047.34944,523.6747202,3.9080203,6.757093164
674,1/29/2026,1:00:00 AM,1,217,76,674,569.0352708,569.0352708,2.622282354,7.487306195
675,1/29/2026,2:00:00 AM,7,147,51,675,449.3488226,64.19268894,3.056794711,8.810761227
676,1/29/2026,3:00:00 AM,7,317,127,676,941.3514729,134.4787818,2.969563006,7.412216322
677,1/29/2026,4:00:00 AM,6,286,134,677,946.0035956,157.6672659,3.30770488,7.059728326
678,1/29/2026,5:00:00 AM,5,358,176,678,1224.354516,244.8709033,3.419984682,6.956559751
679,1/29/2026,6:00:00 AM,4,443,178,679,1204.265255,301.0663137,2.718431726,6.765535139
680,1/29/2026,7:00:00 AM,1,222,33,680,257.8460072,257.8460072,1.161468501,7.81351537
681,1/29/2026,8:00:00 AM,7,450,197,681,1459.321617,208.4745167,3.242936926,7.407723944
682,1/29/2026,9:00:00 AM,5,459,55,682,517.9992239,103.5998448,1.128538614,9.418167707
683,1/29/2026,10:00:00 AM,7,239,28,683,363.5614758,51.93735369,1.521177723,12.98433842
684,1/29/2026,11:00:00 AM,1,171,77,684,491.5055373,491.5055373,2.874301388,6.383188796
685,1/29/2026,12:00:00 PM,3,95,111,685,792.632877,264.210959,8.343503968,7.14083673
686,1/29/2026,1:00:00 PM,1,113,51,686,410.028202,410.028202,3.628568159,8.039768667
687,1/29/2026,2:00:00 PM,6,179,41,687,407.4306467,67.90510778,2.276148864,9.937332846
688,1/29/2026,3:00:00 PM,1,359,176,688,1238.437578,1238.437578,3.449686847,7.036577148
689,1/29/2026,4:00:00 PM,1,412,118,689,857.2737892,857.2737892,2.080761624,7.265032112
690,1/29/2026,5:00:00 PM,6,242,45,690,455.6555134,75.94258557,1.882874022,10.12567808
691,1/29/2026,6:00:00 PM,4,356,106,691,840.6580163,210.1645041,2.361398922,7.930736003
692,1/29/2026,7:00:00 PM,1,230,173,692,1127.391554,1127.391554,4.901702407,6.516714183
693,1/29/2026,8:00:00 PM,6,341,140,693,985.7286762,164.2881127,2.89069993,7.040919115
694,1/29/2026,9:00:00 PM,5,420,82,694,716.6689007,143.3337801,1.706354525,8.739864642
695,1/29/2026,10:00:00 PM,3,331,145,695,1000.144212,333.3814041,3.021583723,6.897546291
696,1/29/2026,11:00:00 PM,3,78,106,696,692.4741054,230.8247018,8.877873146,6.532774579
697,1/30/2026,12:00:00 AM,1,198,132,697,875.3368475,875.3368475,4.420893169,6.631339754
698,1/30/2026,1:00:00 AM,4,316,79,698,645.7884264,161.4471066,2.043634261,8.174537043
699,1/30/2026,2:00:00 AM,4,345,178,699,1236.004039,309.0010098,3.582620403,6.943842916
700,1/30/2026,3:00:00 AM,5,60,22,700,244.0718861,48.81437722,4.067864768,11.09417664
701,1/30/2026,4:00:00 AM,1,213,58,701,405.694286,405.694286,1.904668009,6.994729069
702,1/30/2026,5:00:00 AM,3,162,69,702,506.3188862,168.7729621,3.125425223,7.337954872
703,1/30/2026,6:00:00 AM,4,236,139,703,990.2725635,247.5681409,4.196070184,7.124263047
704,1/30/2026,7:00:00 AM,1,344,197,704,1353.383735,1353.383735,3.934255044,6.869968199
705,1/30/2026,8:00:00 AM,7,281,14,705,337.0930677,48.15615252,1.199619458,24.07807626
706,1/30/2026,9:00:00 AM,4,276,181,706,1241.7893,310.4473251,4.499236596,6.860714367
707,1/30/2026,10:00:00 AM,6,359,36,707,438.9002948,73.15004913,1.222563495,12.19167486
708,1/30/2026,11:00:00 AM,7,147,169,708,1222.547375,174.649625,8.316648809,7.234008136
709,1/30/2026,12:00:00 PM,4,104,158,709,1019.074919,254.7687297,9.798797297,6.449841259
710,1/30/2026,1:00:00 PM,3,160,17,710,213.8909956,71.29699853,1.336818722,12.58182327
711,1/30/2026,2:00:00 PM,2,201,59,711,467.3502885,233.6751442,2.325125813,7.92119133
712,1/30/2026,3:00:00 PM,7,295,76,712,692.9358431,98.99083473,2.348935061,9.117576883
713,1/30/2026,4:00:00 PM,5,455,53,713,495.3857586,99.07715172,1.088759909,9.346901105
714,1/30/2026,5:00:00 PM,5,118,134,714,886.2178265,177.2435653,7.510320563,6.613565869
715,1/30/2026,6:00:00 PM,3,361,67,715,555.9414663,185.3138221,1.540004062,8.297633826
716,1/30/2026,7:00:00 PM,4,338,12,716,244.7318299,61.18295747,0.724058668,20.39431916
717,1/30/2026,8:00:00 PM,1,299,95,717,708.3859186,708.3859186,2.369183674,7.45669388
718,1/30/2026,9:00:00 PM,4,85,79,718,575.0263133,143.7565783,6.76501545,7.278814092
719,1/30/2026,10:00:00 PM,3,288,139,719,960.8576031,320.2858677,3.336311122,6.912644627
720,1/30/2026,11:00:00 PM,5,197,181,720,1232.593843,246.5187687,6.25682154,6.809910737
721,1/31/2026,12:00:00 AM,4,276,11,721,217.8313343,54.45783357,0.789243965,19.80284857
722,1/31/2026,1:00:00 AM,5,293,111,722,881.2504929,176.2500986,3.007680863,7.93919363
723,1/31/2026,2:00:00 AM,7,386,44,723,489.7697683,69.96710976,1.268833597,11.1311311
724,1/31/2026,3:00:00 AM,1,495,107,724,794.0074976,794.0074976,1.604055551,7.420630819
725,1/31/2026,4:00:00 AM,7,414,39,725,476.6882709,68.09832441,1.151420944,12.22277618
726,1/31/2026,5:00:00 AM,5,250,125,726,905.9545596,181.1909119,3.623818238,7.247636477
727,1/31/2026,6:00:00 AM,5,203,17,727,190.7701993,38.15403987,0.939754677,11.22177643
728,1/31/2026,7:00:00 AM,2,499,159,728,1133.230438,566.6152191,2.271002882,7.12723546
729,1/31/2026,8:00:00 AM,2,122,53,729,381.5778526,190.7889263,3.127687317,7.199582125
730,1/31/2026,9:00:00 AM,7,250,195,730,1333.683844,190.5262634,5.334735376,6.839404328
731,1/31/2026,10:00:00 AM,6,345,45,731,494.5674986,82.42791644,1.433528982,10.99038886
732,1/31/2026,11:00:00 AM,7,66,86,732,617.2296121,88.17565887,9.35196382,7.177088513
733,1/31/2026,12:00:00 PM,2,178,40,733,337.0685586,168.5342793,1.893643588,8.426713965
734,1/31/2026,1:00:00 PM,5,266,56,734,486.36429,97.272858,1.82843718,8.685076607
735,1/31/2026,2:00:00 PM,3,110,64,735,465.2308502,155.0769501,4.229371365,7.269232034
736,1/31/2026,3:00:00 PM,7,476,115,736,950.1535887,135.736227,1.996120985,8.262205119
737,1/31/2026,4:00:00 PM,5,153,199,737,1275.672768,255.1345537,8.337730513,6.410415922
738,1/31/2026,5:00:00 PM,3,91,167,738,1080.049827,360.0166089,11.86867941,6.467364232
739,1/31/2026,6:00:00 PM,3,74,130,739,915.8684247,305.2894749,12.37660033,7.045141728
740,1/31/2026,7:00:00 PM,2,88,64,740,393.6970996,196.8485498,4.473830678,6.151517182
741,1/31/2026,8:00:00 PM,7,340,153,741,1123.271761,160.4673944,3.303740474,7.341645497
742,1/31/2026,9:00:00 PM,4,180,21,742,273.6971797,68.42429494,1.520539887,13.03319904
743,1/31/2026,10:00:00 PM,1,278,154,743,1031.448577,1031.448577,3.710246681,6.697718035
744,1/31/2026,11:00:00 PM,2,157,153,744,1015.739009,507.8695043,6.469675214,6.638817049
745,2/1/2026,12:00:00 AM,2,221,149,745,919.0300197,459.5150098,4.158506876,6.167986709
746,2/1/2026,1:00:00 AM,4,484,145,746,1093.147481,273.2868703,2.258569176,7.538948146
747,2/1/2026,2:00:00 AM,1,151,12,747,109.4493538,109.4493538,0.724830158,9.120779484
748,2/1/2026,3:00:00 AM,5,403,153,748,1123.196319,224.6392637,2.787087639,7.341152409
749,2/1/2026,4:00:00 AM,6,61,39,749,341.4169581,56.90282635,5.596999313,8.754280976
750,2/1/2026,5:00:00 AM,7,324,32,750,462.5499909,66.07857012,1.427623429,14.45468721
751,2/1/2026,6:00:00 AM,6,150,101,751,757.4008597,126.2334766,5.049339065,7.499018413
752,2/1/2026,7:00:00 AM,5,93,124,752,843.5212851,168.704257,9.070121345,6.802591009
753,2/1/2026,8:00:00 AM,2,492,113,753,810.3092172,405.1546086,1.646969954,7.170878029
754,2/1/2026,9:00:00 AM,1,354,127,754,886.8344071,886.8344071,2.505181941,6.982948087
755,2/1/2026,10:00:00 AM,2,494,14,755,286.8968664,143.4484332,0.580762887,20.49263331
756,2/1/2026,11:00:00 AM,3,66,113,756,740.3834432,246.7944811,11.21793096,6.552065869
757,2/1/2026,12:00:00 PM,2,379,117,757,830.5303092,415.2651546,2.191372847,7.098549651
758,2/1/2026,1:00:00 PM,2,106,74,758,488.6224001,244.3112,4.609645284,6.603005407
759,2/1/2026,2:00:00 PM,5,360,130,759,979.0542431,195.8108486,2.71959512,7.531186485
760,2/1/2026,3:00:00 PM,5,352,39,760,437.3816382,87.47632764,1.242561472,11.2149138
761,2/1/2026,4:00:00 PM,5,61,158,761,1082.136303,216.4272607,17.7399394,6.848963946
762,2/1/2026,5:00:00 PM,6,367,93,762,728.2500032,121.3750005,1.984332434,7.830645196
763,2/1/2026,6:00:00 PM,3,129,159,763,1053.479327,351.1597756,8.166506409,6.625656143
764,2/1/2026,7:00:00 PM,5,265,41,764,396.8488814,79.36977627,1.497542949,9.679241009
765,2/1/2026,8:00:00 PM,1,388,170,765,1148.632974,1148.632974,2.960394263,6.756664552
766,2/1/2026,9:00:00 PM,6,313,25,766,345.9547756,57.65912927,1.105286823,13.83819102
767,2/1/2026,10:00:00 PM,4,198,47,767,413.6296876,103.4074219,2.089038826,8.800631651
768,2/1/2026,11:00:00 PM,1,130,151,768,975.8630432,975.8630432,7.506638794,6.46266916
769,2/2/2026,12:00:00 AM,7,264,45,769,422.4758642,60.35369489,1.600287365,9.388352539
770,2/2/2026,1:00:00 AM,7,423,160,770,1169.405658,167.0579511,2.764552382,7.308785361
771,2/2/2026,2:00:00 AM,1,247,123,771,871.6760483,871.6760483,3.529052827,7.08679714
772,2/2/2026,3:00:00 AM,5,249,75,772,593.082826,118.6165652,2.381858739,7.907771013
773,2/2/2026,4:00:00 AM,4,74,114,773,775.3804319,193.845108,10.47811395,6.801582736
774,2/2/2026,5:00:00 AM,4,138,94,774,697.0399894,174.2599973,5.051014416,7.415319036
775,2/2/2026,6:00:00 AM,6,317,11,775,265.0032922,44.16721536,0.835972531,24.09120838
776,2/2/2026,7:00:00 AM,4,192,84,776,637.9956789,159.4989197,3.322894161,7.595186654
777,2/2/2026,8:00:00 AM,7,108,76,777,620.2373304,88.60533291,5.742938244,8.161017505
778,2/2/2026,9:00:00 AM,3,459,189,778,1253.200087,417.7333624,2.730283414,6.630688292
779,2/2/2026,10:00:00 AM,5,414,199,779,1378.501495,275.7002991,3.329713757,6.927143193
780,2/2/2026,11:00:00 AM,4,75,160,780,1056.558174,264.1395435,14.08744232,6.603488587
781,2/2/2026,12:00:00 PM,6,96,163,781,1138.429329,189.7382215,11.85863885,6.984229014
782,2/2/2026,1:00:00 PM,7,337,64,782,592.0828668,84.58326668,1.756922453,9.251294794
783,2/2/2026,2:00:00 PM,3,315,15,783,204.1585061,68.05283538,0.648122242,13.61056708
784,2/2/2026,3:00:00 PM,2,65,172,784,1056.957419,528.4787093,16.26088336,6.14510127
785,2/2/2026,4:00:00 PM,2,248,159,785,1084.915836,542.4579181,4.374660629,6.823370038
786,2/2/2026,5:00:00 PM,3,450,180,786,1253.466793,417.8222642,2.785481761,6.963704403
787,2/2/2026,6:00:00 PM,7,456,152,787,1153.583999,164.7977141,2.529789471,7.589368412
788,2/2/2026,7:00:00 PM,6,331,95,788,777.7509058,129.625151,2.349700622,8.18685164
789,2/2/2026,8:00:00 PM,3,135,69,789,412.4542895,137.4847632,3.055216959,5.977598399
790,2/2/2026,9:00:00 PM,5,299,110,790,884.7110253,176.9422051,2.95889975,8.042827503
791,2/2/2026,10:00:00 PM,5,440,21,791,311.0677849,62.21355699,0.706972239,14.81275166
792,2/2/2026,11:00:00 PM,2,319,58,792,480.9580911,240.4790455,1.507705615,8.292380881
793,2/3/2026,12:00:00 AM,4,384,51,793,430.0590896,107.5147724,1.119945546,8.432531169
794,2/3/2026,1:00:00 AM,6,166,175,794,1177.123767,196.1872944,7.091107028,6.726421524
795,2/3/2026,2:00:00 AM,2,56,91,795,630.1406414,315.0703207,11.25251145,6.924622433
796,2/3/2026,3:00:00 AM,4,186,182,796,1150.314985,287.5787462,6.184489165,6.320412003
797,2/3/2026,4:00:00 AM,4,420,44,797,483.7860026,120.9465007,1.151871435,10.99513642
798,2/3/2026,5:00:00 AM,5,225,167,798,1136.289117,227.2578234,5.050173854,6.80412645
799,2/3/2026,6:00:00 AM,7,377,167,799,1234.714933,176.3878476,3.275105924,7.393502594
800,2/3/2026,7:00:00 AM,1,364,143,800,1001.925732,1001.925732,2.752543221,7.006473653
801,2/3/2026,8:00:00 AM,7,264,76,801,653.442645,93.34894928,2.475161534,8.597929539
802,2/3/2026,9:00:00 AM,1,131,89,802,562.3514805,562.3514805,4.292759393,6.31855596
803,2/3/2026,10:00:00 AM,3,272,16,803,211.6635256,70.55450853,0.778174726,13.22897035
804,2/3/2026,11:00:00 AM,5,421,189,804,1291.453315,258.2906629,3.067585071,6.833086321
805,2/3/2026,12:00:00 PM,4,472,23,805,354.3538899,88.58847249,0.750749767,15.40669087
806,2/3/2026,1:00:00 PM,6,451,82,806,768.3616546,128.0602758,1.703684378,9.370264081
807,2/3/2026,2:00:00 PM,1,492,152,807,1019.866773,1019.866773,2.072899946,6.709649825
808,2/3/2026,3:00:00 PM,7,152,158,808,1075.750623,153.6786604,7.077306729,6.808548246
809,2/3/2026,4:00:00 PM,4,322,172,809,1183.146742,295.7866854,3.674368763,6.878760126
810,2/3/2026,5:00:00 PM,1,63,75,810,489.1002427,489.1002427,7.763495916,6.521336569
811,2/3/2026,6:00:00 PM,1,208,100,811,703.775289,703.775289,3.383535043,7.03775289
812,2/3/2026,7:00:00 PM,1,201,139,812,904.7340006,904.7340006,4.501164182,6.508877702
813,2/3/2026,8:00:00 PM,6,157,172,813,1159.621238,193.2702064,7.386122536,6.741983943
814,2/3/2026,9:00:00 PM,5,237,29,814,353.1939212,70.63878424,1.49026971,12.17910073
815,2/3/2026,10:00:00 PM,6,350,19,815,328.859867,54.80997784,0.93959962,17.30841405
816,2/3/2026,11:00:00 PM,2,147,34,816,294.2693393,147.1346696,2.00183224,8.654980567
817,2/4/2026,12:00:00 AM,4,180,34,817,321.3754713,80.34386784,1.785419285,9.452219746
818,2/4/2026,1:00:00 AM,5,342,63,818,585.0945663,117.0189133,1.710802826,9.287215339
819,2/4/2026,2:00:00 AM,5,220,42,819,373.3107183,74.66214365,1.696866901,8.888350435
820,2/4/2026,3:00:00 AM,5,473,173,820,1231.119172,246.2238343,2.602788946,7.116295789
821,2/4/2026,4:00:00 AM,7,232,104,821,820.9830296,117.2832899,3.538719955,7.894067592
822,2/4/2026,5:00:00 AM,5,413,23,822,288.1489209,57.62978418,0.697697145,12.52821395
823,2/4/2026,6:00:00 AM,6,88,74,823,563.1653853,93.86089755,6.399606651,7.610343044
824,2/4/2026,7:00:00 AM,5,64,119,824,798.7032494,159.7406499,12.47973827,6.711792012
825,2/4/2026,8:00:00 AM,3,425,89,825,664.3273581,221.4424527,1.563123195,7.464352338
826,2/4/2026,9:00:00 AM,4,53,63,826,425.9619726,106.4904932,8.037018351,6.761301153
827,2/4/2026,10:00:00 AM,5,398,134,827,995.1307172,199.0261434,2.500328435,7.426348636
828,2/4/2026,11:00:00 AM,4,458,189,828,1362.418898,340.6047244,2.97471375,7.208565596
829,2/4/2026,12:00:00 PM,3,446,140,829,999.2112603,333.0704201,2.240383992,7.137223288
830,2/4/2026,1:00:00 PM,3,259,178,830,1227.101442,409.033814,4.737843405,6.893828326
831,2/4/2026,2:00:00 PM,4,210,143,831,982.8953768,245.7238442,4.680454175,6.873394244
832,2/4/2026,3:00:00 PM,1,65,34,832,277.8115411,277.8115411,4.274023709,8.170927678
833,2/4/2026,4:00:00 PM,2,475,150,833,1054.365252,527.1826259,2.219716319,7.029101678
834,2/4/2026,5:00:00 PM,7,157,126,834,906.6357124,129.5193875,5.77474976,7.195521527
835,2/4/2026,6:00:00 PM,1,431,145,835,1025.354508,1025.354508,2.37901278,7.071410401
836,2/4/2026,7:00:00 PM,1,499,158,836,1107.314686,1107.314686,2.219067507,7.008320798
837,2/4/2026,8:00:00 PM,6,360,34,837,430.5907244,71.76512074,1.196085346,12.66443307
838,2/4/2026,9:00:00 PM,7,276,88,838,649.5730882,92.79615546,2.353525682,7.381512366
839,2/4/2026,10:00:00 PM,7,219,77,839,705.3721662,100.7674523,3.220877471,9.160677483
840,2/4/2026,11:00:00 PM,1,83,182,840,1157.633238,1157.633238,13.94738841,6.360622188
841,2/5/2026,12:00:00 AM,5,463,197,841,1390.694045,278.138809,3.003658845,7.059360635
842,2/5/2026,1:00:00 AM,6,300,21,842,289.4303498,48.23839163,0.964767833,13.78239761
843,2/5/2026,2:00:00 AM,6,296,41,843,398.8073817,66.46789694,1.347322235,9.727009309
844,2/5/2026,3:00:00 AM,3,318,137,844,981.7684642,327.2561547,3.087322215,7.16619317
845,2/5/2026,4:00:00 AM,7,190,105,845,821.8494501,117.4070643,4.325523421,7.82713762
846,2/5/2026,5:00:00 AM,1,323,101,846,713.0242162,713.0242162,2.207505313,7.059645705
847,2/5/2026,6:00:00 AM,3,465,150,847,1117.709712,372.5699041,2.403676801,7.451398083
848,2/5/2026,7:00:00 AM,4,145,40,848,316.2821986,79.07054965,2.181256542,7.907054965
849,2/5/2026,8:00:00 AM,2,276,87,849,602.2856745,301.1428373,2.182194473,6.922823845
850,2/5/2026,9:00:00 AM,6,428,29,850,446.8002362,74.46670603,1.043925785,15.4069047
851,2/5/2026,10:00:00 AM,4,88,155,851,1034.133258,258.5333146,11.7515143,6.671827474
852,2/5/2026,11:00:00 AM,4,351,69,852,621.2054461,155.3013615,1.769816086,9.002977479
853,2/5/2026,12:00:00 PM,5,78,143,853,930.7818087,186.1563617,11.93310011,6.508963698
854,2/5/2026,1:00:00 PM,2,495,169,854,1164.794238,582.3971191,2.353119673,6.892273599
855,2/5/2026,2:00:00 PM,4,367,102,855,771.3417204,192.8354301,2.101748557,7.56217373
856,2/5/2026,3:00:00 PM,4,294,52,856,435.4782348,108.8695587,1.481218486,8.374581438
857,2/5/2026,4:00:00 PM,2,285,139,857,970.6609563,485.3304782,3.405827917,6.983172348
858,2/5/2026,5:00:00 PM,2,234,69,858,491.6662183,245.8331091,2.101137685,7.125597367
859,2/5/2026,6:00:00 PM,4,321,160,859,1081.149904,270.2874761,3.368068238,6.757186902
860,2/5/2026,7:00:00 PM,2,489,40,860,420.9604624,210.4802312,0.860859841,10.52401156
861,2/5/2026,8:00:00 PM,4,285,14,861,190.8004147,47.70010368,0.669475139,13.62860105
862,2/5/2026,9:00:00 PM,4,288,171,862,1118.416082,279.6040205,3.883389174,6.540444924
863,2/5/2026,10:00:00 PM,5,426,19,863,320.797717,64.1595434,0.753046284,16.88409037
864,2/5/2026,11:00:00 PM,1,315,98,864,645.0233987,645.0233987,2.047693329,6.581871415
865,2/6/2026,12:00:00 AM,4,463,139,865,1056.158382,264.0395955,2.281119615,7.59826174
866,2/6/2026,1:00:00 AM,3,458,135,866,950.5399882,316.8466627,2.075414821,7.04103695
867,2/6/2026,2:00:00 AM,6,408,20,867,265.1797864,44.19663107,0.649950457,13.25898932
868,2/6/2026,3:00:00 AM,7,389,187,868,1334.8861,190.6980144,3.431583806,7.138428345
869,2/6/2026,4:00:00 AM,1,438,168,869,1158.737835,1158.737835,2.645520171,6.897249018
870,2/6/2026,5:00:00 AM,1,114,65,870,453.9442519,453.9442519,3.981967122,6.983757722
871,2/6/2026,6:00:00 AM,1,226,92,871,639.960471,639.960471,2.8316835,6.956092076
872,2/6/2026,7:00:00 AM,5,52,146,872,934.8206214,186.9641243,17.97731964,6.402880968
873,2/6/2026,8:00:00 AM,4,478,108,873,872.7918354,218.1979589,1.825924342,8.081405884
874,2/6/2026,9:00:00 AM,5,191,158,874,1109.104155,221.820831,5.806828038,7.019646552
875,2/6/2026,10:00:00 AM,4,425,82,875,643.3271361,160.831784,1.513710909,7.84545288
876,2/6/2026,11:00:00 AM,5,207,165,876,1121.669816,224.3339632,5.418694763,6.797998884
877,2/6/2026,12:00:00 PM,5,373,199,877,1372.666799,274.5333598,3.680071848,6.897823111
878,2/6/2026,1:00:00 PM,6,195,124,878,899.1114475,149.8519079,4.610827936,7.25089877
879,2/6/2026,2:00:00 PM,3,495,16,879,283.3522862,94.45076208,0.572428861,17.70951789
880,2/6/2026,3:00:00 PM,5,342,89,880,709.5636668,141.9127334,2.074747564,7.97262547
881,2/6/2026,4:00:00 PM,6,202,153,881,1087.854466,181.3090777,5.385418148,7.110159908
882,2/6/2026,5:00:00 PM,2,481,106,882,776.884407,388.4422035,1.615144297,7.329098179
883,2/6/2026,6:00:00 PM,3,242,13,883,217.7211941,72.57373135,0.899674356,16.74778416
884,2/6/2026,7:00:00 PM,5,486,13,884,333.0339819,66.60679639,0.685255107,25.61799861
885,2/6/2026,8:00:00 PM,7,122,112,885,862.6240498,123.2320071,7.070688933,7.702000445
886,2/6/2026,9:00:00 PM,1,448,49,886,379.0989803,379.0989803,0.846203081,7.736713883
887,2/6/2026,10:00:00 PM,2,354,26,887,286.7129503,143.3564751,0.809923588,11.02742116
888,2/6/2026,11:00:00 PM,2,426,110,888,758.8469828,379.4234914,1.781330945,6.898608934
889,2/7/2026,12:00:00 AM,6,393,112,889,806.8480893,134.4746816,2.053048573,7.204000797
890,2/7/2026,1:00:00 AM,2,189,133,890,889.0227914,444.5113957,4.703824293,6.68438189
891,2/7/2026,2:00:00 AM,3,236,61,891,469.8254462,156.6084821,1.990785789,7.702056495
892,2/7/2026,3:00:00 AM,5,342,61,892,552.5955286,110.5191057,1.615776399,9.058943091
893,2/7/2026,4:00:00 AM,5,110,173,893,1160.583831,232.1167661,10.5507621,6.708577056
894,2/7/2026,5:00:00 AM,7,476,133,894,1083.236879,154.7481255,2.275707728,8.144638186
895,2/7/2026,6:00:00 AM,1,429,175,895,1195.317613,1195.317613,2.786288142,6.830386359
896,2/7/2026,7:00:00 AM,6,247,187,896,1373.800669,228.9667781,5.561946026,7.346527639
897,2/7/2026,8:00:00 AM,1,344,72,897,559.3922956,559.3922956,1.626140394,7.76933744
898,2/7/2026,9:00:00 AM,2,489,125,898,981.9743713,490.9871857,2.008127549,7.855794971
899,2/7/2026,10:00:00 AM,7,368,71,899,571.414866,81.63069514,1.552757788,8.048096704
900,2/7/2026,11:00:00 AM,1,351,16,900,256.7921859,256.7921859,0.731601669,16.04951162
901,2/7/2026,12:00:00 PM,3,393,164,901,1141.477185,380.4923951,2.9045221,6.96022674
902,2/7/2026,1:00:00 PM,5,60,101,902,640.5495822,128.1099164,10.67582637,6.342075071
903,2/7/2026,2:00:00 PM,2,111,23,903,213.9163533,106.9581766,1.927174354,9.300711012
904,2/7/2026,3:00:00 PM,7,382,95,904,780.5113339,111.5016191,2.043223387,8.215908777
905,2/7/2026,4:00:00 PM,1,275,142,905,966.9015975,966.9015975,3.516005809,6.809166179
906,2/7/2026,5:00:00 PM,6,202,192,906,1332.932294,222.1553823,6.598674721,6.942355696
907,2/7/2026,6:00:00 PM,3,248,139,907,908.7254965,302.9084988,3.664215712,6.5375935
908,2/7/2026,7:00:00 PM,3,101,71,908,531.7475695,177.2491898,5.264827421,7.489402387
909,2/7/2026,8:00:00 PM,1,309,158,909,1055.894385,1055.894385,3.417133931,6.682875851
910,2/7/2026,9:00:00 PM,5,108,88,910,675.9852352,135.197047,6.259122549,7.6816504
911,2/7/2026,10:00:00 PM,1,121,158,911,993.1455531,993.1455531,8.207814489,6.285731349
912,2/7/2026,11:00:00 PM,2,197,147,912,956.9877332,478.4938666,4.857805752,6.510120634
913,2/8/2026,12:00:00 AM,1,398,67,913,537.2116212,537.2116212,1.349777943,8.018083899
914,2/8/2026,1:00:00 AM,3,112,129,914,855.6558212,285.2186071,7.639784118,6.632990862
915,2/8/2026,2:00:00 AM,7,359,176,915,1248.816456,178.4023509,3.47859737,7.095548045
916,2/8/2026,3:00:00 AM,1,422,142,916,978.7108581,978.7108581,2.319220043,6.892329986
917,2/8/2026,4:00:00 AM,5,292,74,917,569.793734,113.9587468,1.951348404,7.699915324
918,2/8/2026,5:00:00 AM,7,415,22,918,348.4606473,49.78009247,0.83966421,15.83912033
919,2/8/2026,6:00:00 AM,6,379,190,919,1363.989302,227.3315503,3.598916364,7.178891062
920,2/8/2026,7:00:00 AM,4,156,91,920,648.6793748,162.1698437,4.15820112,7.128344778
921,2/8/2026,8:00:00 AM,1,275,182,921,1219.771959,1219.771959,4.435534396,6.70204373
922,2/8/2026,9:00:00 AM,5,362,169,922,1192.037116,238.4074232,3.29292021,7.053474059
923,2/8/2026,10:00:00 AM,7,267,173,923,1180.15446,168.5934943,4.420054158,6.821702081
924,2/8/2026,11:00:00 AM,5,474,197,924,1417.118247,283.4236493,2.989700942,7.193493638
925,2/8/2026,12:00:00 PM,6,290,148,925,1044.791306,174.1318843,3.602728641,7.059400715
926,2/8/2026,1:00:00 PM,3,308,158,926,1078.398981,359.4663271,3.501295394,6.825310008
927,2/8/2026,2:00:00 PM,5,425,61,927,605.6271614,121.1254323,1.425005086,9.928314122
928,2/8/2026,3:00:00 PM,7,311,192,928,1315.473886,187.9248409,4.22981957,6.851426491
929,2/8/2026,4:00:00 PM,5,54,126,929,852.1423136,170.4284627,15.78041322,6.763034235
930,2/8/2026,5:00:00 PM,5,310,35,930,376.7844495,75.3568899,1.215433708,10.76526999
931,2/8/2026,6:00:00 PM,5,103,43,931,384.9277715,76.98555429,3.73716283,8.951808639
932,2/8/2026,7:00:00 PM,2,96,61,932,450.454601,225.2273005,4.692235427,7.384501655
933,2/8/2026,8:00:00 PM,2,264,121,933,843.1151701,421.5575851,3.193618069,6.967893968
934,2/8/2026,9:00:00 PM,3,226,91,934,647.9887606,215.9962535,2.867206905,7.120755611
935,2/8/2026,10:00:00 PM,1,58,189,935,1180.601175,1180.601175,20.35519267,6.246567064
936,2/8/2026,11:00:00 PM,5,148,166,936,1155.469677,231.0939354,7.807227547,6.960660704
937,2/9/2026,12:00:00 AM,6,69,175,937,1159.881302,193.3135503,16.80987394,6.627893153
938,2/9/2026,1:00:00 AM,1,427,51,938,441.0823166,441.0823166,1.032979664,8.648672874
939,2/9/2026,2:00:00 AM,6,290,30,939,368.6451077,61.44085129,1.271190027,12.28817026
940,2/9/2026,3:00:00 AM,1,110,51,940,355.1618106,355.1618106,3.228743733,6.963957071
941,2/9/2026,4:00:00 AM,3,428,150,941,1033.268717,344.4229058,2.414179246,6.888458115
942,2/9/2026,5:00:00 AM,5,468,122,942,954.579924,190.9159848,2.039700692,7.824425607
943,2/9/2026,6:00:00 AM,5,227,114,943,786.6971277,157.3394255,3.465626113,6.900851998
944,2/9/2026,7:00:00 AM,4,387,26,944,343.3344194,85.83360485,0.887169042,13.20516998
945,2/9/2026,8:00:00 AM,6,111,129,945,873.3857183,145.5642864,7.868339804,6.770431925
946,2/9/2026,9:00:00 AM,1,194,146,946,950.3062441,950.3062441,4.898485794,6.508946878
947,2/9/2026,10:00:00 AM,1,265,178,947,1174.217817,1174.217817,4.431010631,6.59672931
948,2/9/2026,11:00:00 AM,2,52,138,948,947.2171004,473.6085502,18.21571347,6.863892032
949,2/9/2026,12:00:00 PM,4,209,139,949,978.9824989,244.7456247,4.684126789,7.04303956
950,2/9/2026,1:00:00 PM,7,276,69,950,642.7439643,91.82056633,2.328782479,9.315129917
951,2/9/2026,2:00:00 PM,7,318,57,951,598.5524346,85.50749065,1.88224036,10.5009199
952,2/9/2026,3:00:00 PM,2,169,38,952,323.3776775,161.6888388,1.913477382,8.509938882
953,2/9/2026,4:00:00 PM,2,430,106,953,803.570694,401.785347,1.868769056,7.580855604
954,2/9/2026,5:00:00 PM,2,138,19,954,153.3983667,76.69918337,1.111582368,8.073598249
955,2/9/2026,6:00:00 PM,6,378,67,955,601.901102,100.3168503,1.592330958,8.983598538
956,2/9/2026,7:00:00 PM,6,117,197,956,1285.407368,214.2345614,10.98638776,6.524910498
957,2/9/2026,8:00:00 PM,3,447,30,957,347.0682345,115.6894115,0.776439003,11.56894115
958,2/9/2026,9:00:00 PM,3,406,37,958,444.9199013,148.3066338,1.095861826,12.0248622
959,2/9/2026,10:00:00 PM,2,147,43,959,335.5386453,167.7693226,2.282575818,7.803224309
960,2/9/2026,11:00:00 PM,4,316,17,960,230.5230127,57.63075317,0.729503205,13.56017722
961,2/10/2026,12:00:00 AM,1,154,196,961,1278.436004,1278.436004,8.301532491,6.522632672
962,2/10/2026,1:00:00 AM,6,489,186,962,1381.358264,230.2263774,2.824863526,7.426657335
963,2/10/2026,2:00:00 AM,4,372,88,963,729.8296048,182.4574012,1.96190754,8.293518236
964,2/10/2026,3:00:00 AM,5,172,154,964,990.4160939,198.0832188,5.758233104,6.431273337
965,2/10/2026,4:00:00 AM,6,78,197,965,1353.860129,225.6433548,17.35718114,6.87238644
966,2/10/2026,5:00:00 AM,6,186,96,966,705.0445577,117.5074263,3.790562138,7.344214143
967,2/10/2026,6:00:00 AM,3,244,97,967,723.5386432,241.1795477,2.965322308,7.45916127
968,2/10/2026,7:00:00 AM,1,458,182,968,1320.113994,1320.113994,2.882344964,7.253373592
969,2/10/2026,8:00:00 AM,1,275,78,969,630.1599824,630.1599824,2.291490845,8.078974134
970,2/10/2026,9:00:00 AM,7,381,169,970,1203.973136,171.9961623,3.160034478,7.124101398
971,2/10/2026,10:00:00 AM,7,219,181,971,1213.36448,173.3377828,5.540477077,6.70367116
972,2/10/2026,11:00:00 AM,7,58,96,972,741.310398,105.9014854,12.78121376,7.721983312
973,2/10/2026,12:00:00 PM,7,89,110,973,795.9616743,113.7088106,8.943389599,7.236015221
974,2/10/2026,1:00:00 PM,5,74,17,974,184.1735568,36.83471135,2.488831848,10.83373863
975,2/10/2026,2:00:00 PM,5,310,86,975,702.6365564,140.5273113,2.266569537,8.170192516
976,2/10/2026,3:00:00 PM,6,444,96,976,794.3136127,132.3856021,1.788994623,8.274100132
977,2/10/2026,4:00:00 PM,2,492,52,977,510.6397241,255.3198621,1.037885618,9.819994694
978,2/10/2026,5:00:00 PM,3,275,138,978,957.5094542,319.1698181,3.481852561,6.938474306
979,2/10/2026,6:00:00 PM,3,173,118,979,826.5716378,275.5238793,4.777870739,7.004844389
980,2/10/2026,7:00:00 PM,7,87,188,980,1232.264019,176.037717,14.16395425,6.554595847
981,2/10/2026,8:00:00 PM,6,377,161,981,1211.83386,201.9723101,3.214413423,7.526918388
982,2/10/2026,9:00:00 PM,4,300,161,982,1136.928701,284.2321753,3.789762337,7.061668951
983,2/10/2026,10:00:00 PM,2,438,26,983,336.7889211,168.3944605,0.768924477,12.95342004
984,2/10/2026,11:00:00 PM,6,225,142,984,975.9699022,162.6616504,4.33764401,6.87302748
985,2/11/2026,12:00:00 AM,2,139,157,985,1064.688972,532.3444862,7.659632896,6.781458424
986,2/11/2026,1:00:00 AM,2,451,30,986,344.888517,172.4442585,0.76471955,11.4962839
987,2/11/2026,2:00:00 AM,2,86,67,987,479.6414659,239.8207329,5.577226347,7.158827849
988,2/11/2026,3:00:00 AM,6,365,168,988,1197.815266,199.6358777,3.281685661,7.129852774
989,2/11/2026,4:00:00 AM,7,225,119,989,894.3266719,127.7609531,3.974785209,7.515350184
990,2/11/2026,5:00:00 AM,3,333,148,990,1041.813821,347.2712735,3.128570032,7.039282571
991,2/11/2026,6:00:00 AM,3,130,189,991,1133.402072,377.8006907,8.718477477,5.99683636
992,2/11/2026,7:00:00 AM,7,163,152,992,1083.373444,154.7676348,6.646462845,7.127456867
993,2/11/2026,8:00:00 AM,2,89,144,993,979.6602439,489.8301219,11.00741847,6.803196138
994,2/11/2026,9:00:00 AM,4,350,37,994,403.1934078,100.7983519,1.151981165,10.89711913
995,2/11/2026,10:00:00 AM,1,273,60,995,428.1687525,428.1687525,1.568383709,7.136145876
996,2/11/2026,11:00:00 AM,6,367,195,996,1389.598847,231.5998078,3.78637288,7.126147933
997,2/11/2026,12:00:00 PM,1,398,14,997,250.1844159,250.1844159,0.62860406,17.87031542
998,2/11/2026,1:00:00 PM,7,164,14,998,253.5739955,36.2248565,1.546182899,18.11242825
999,2/11/2026,2:00:00 PM,4,235,103,999,746.2761868,186.5690467,3.175643348,7.245399872
1000,2/11/2026,3:00:00 PM,6,372,105,1000,824.3355232,137.3892539,2.215955708,7.850814507
